<annotation>
	<folder>my-project-name</folder>
	<filename>BikesHelmets60.jpg</filename>
	<path>/my-project-name/BikesHelmets60.jpg</path>
	<source>
		<database>Unspecified</database>
	</source>
	<size>
		<width>300</width>
		<height>300</height>
		<depth>3</depth>
	</size>
	<object>
		<name>helm</name>
		<pose>Unspecified</pose>
		<truncated>0</truncated>
		<difficult>0</difficult>
		<bndbox>
			<xmin>58</xmin>
			<ymin>0</ymin>
			<xmax>109</xmax>
			<ymax>58</ymax>
		</bndbox>
	</object>
</annotation>