<annotation>
	<folder>my-project-name</folder>
	<filename>BikesHelmets42.jpg</filename>
	<path>/my-project-name/BikesHelmets42.jpg</path>
	<source>
		<database>Unspecified</database>
	</source>
	<size>
		<width>287</width>
		<height>287</height>
		<depth>3</depth>
	</size>
	<object>
		<name>helm</name>
		<pose>Unspecified</pose>
		<truncated>0</truncated>
		<difficult>0</difficult>
		<bndbox>
			<xmin>132</xmin>
			<ymin>30</ymin>
			<xmax>207</xmax>
			<ymax>131</ymax>
		</bndbox>
	</object>
</annotation>