<annotation>
	<folder>my-project-name</folder>
	<filename>BikesHelmets533.jpg</filename>
	<path>/my-project-name/BikesHelmets533.jpg</path>
	<source>
		<database>Unspecified</database>
	</source>
	<size>
		<width>390</width>
		<height>390</height>
		<depth>3</depth>
	</size>
	<object>
		<name>helm</name>
		<pose>Unspecified</pose>
		<truncated>0</truncated>
		<difficult>0</difficult>
		<bndbox>
			<xmin>118</xmin>
			<ymin>31</ymin>
			<xmax>185</xmax>
			<ymax>112</ymax>
		</bndbox>
	</object>
</annotation>