<annotation>
	<folder>my-project-name</folder>
	<filename>BikesHelmets777.jpg</filename>
	<path>/my-project-name/BikesHelmets777.jpg</path>
	<source>
		<database>Unspecified</database>
	</source>
	<size>
		<width>194</width>
		<height>194</height>
		<depth>3</depth>
	</size>
	<object>
		<name>helm</name>
		<pose>Unspecified</pose>
		<truncated>0</truncated>
		<difficult>0</difficult>
		<bndbox>
			<xmin>108</xmin>
			<ymin>36</ymin>
			<xmax>141</xmax>
			<ymax>61</ymax>
		</bndbox>
	</object>
</annotation>