<annotation>
	<folder>my-project-name</folder>
	<filename>BikesHelmets341.jpg</filename>
	<path>/my-project-name/BikesHelmets341.jpg</path>
	<source>
		<database>Unspecified</database>
	</source>
	<size>
		<width>231</width>
		<height>231</height>
		<depth>3</depth>
	</size>
	<object>
		<name>no_helm</name>
		<pose>Unspecified</pose>
		<truncated>0</truncated>
		<difficult>0</difficult>
		<bndbox>
			<xmin>136</xmin>
			<ymin>56</ymin>
			<xmax>176</xmax>
			<ymax>101</ymax>
		</bndbox>
	</object>
</annotation>