<annotation>
	<folder>my-project-name</folder>
	<filename>BikesHelmets14.jpg</filename>
	<path>/my-project-name/BikesHelmets14.jpg</path>
	<source>
		<database>Unspecified</database>
	</source>
	<size>
		<width>223</width>
		<height>223</height>
		<depth>3</depth>
	</size>
	<object>
		<name>helm</name>
		<pose>Unspecified</pose>
		<truncated>0</truncated>
		<difficult>0</difficult>
		<bndbox>
			<xmin>77</xmin>
			<ymin>67</ymin>
			<xmax>134</xmax>
			<ymax>141</ymax>
		</bndbox>
	</object>
</annotation>