<annotation>
	<folder>my-project-name</folder>
	<filename>BikesHelmets602.jpg</filename>
	<path>/my-project-name/BikesHelmets602.jpg</path>
	<source>
		<database>Unspecified</database>
	</source>
	<size>
		<width>226</width>
		<height>225</height>
		<depth>3</depth>
	</size>
	<object>
		<name>helm</name>
		<pose>Unspecified</pose>
		<truncated>0</truncated>
		<difficult>0</difficult>
		<bndbox>
			<xmin>77</xmin>
			<ymin>15</ymin>
			<xmax>137</xmax>
			<ymax>79</ymax>
		</bndbox>
	</object>
</annotation>