<annotation>
	<folder>my-project-name</folder>
	<filename>BikesHelmets365.jpg</filename>
	<path>/my-project-name/BikesHelmets365.jpg</path>
	<source>
		<database>Unspecified</database>
	</source>
	<size>
		<width>247</width>
		<height>247</height>
		<depth>3</depth>
	</size>
	<object>
		<name>no_helm</name>
		<pose>Unspecified</pose>
		<truncated>0</truncated>
		<difficult>0</difficult>
		<bndbox>
			<xmin>79</xmin>
			<ymin>31</ymin>
			<xmax>100</xmax>
			<ymax>56</ymax>
		</bndbox>
	</object>
	<object>
		<name>no_helm</name>
		<pose>Unspecified</pose>
		<truncated>0</truncated>
		<difficult>0</difficult>
		<bndbox>
			<xmin>161</xmin>
			<ymin>32</ymin>
			<xmax>192</xmax>
			<ymax>58</ymax>
		</bndbox>
	</object>
	<object>
		<name>no_helm</name>
		<pose>Unspecified</pose>
		<truncated>0</truncated>
		<difficult>0</difficult>
		<bndbox>
			<xmin>105</xmin>
			<ymin>49</ymin>
			<xmax>118</xmax>
			<ymax>65</ymax>
		</bndbox>
	</object>
</annotation>