<annotation>
	<folder>my-project-name</folder>
	<filename>BikesHelmets305.jpg</filename>
	<path>/my-project-name/BikesHelmets305.jpg</path>
	<source>
		<database>Unspecified</database>
	</source>
	<size>
		<width>249</width>
		<height>249</height>
		<depth>3</depth>
	</size>
	<object>
		<name>no_helm</name>
		<pose>Unspecified</pose>
		<truncated>0</truncated>
		<difficult>0</difficult>
		<bndbox>
			<xmin>74</xmin>
			<ymin>4</ymin>
			<xmax>125</xmax>
			<ymax>52</ymax>
		</bndbox>
	</object>
	<object>
		<name>no_helm</name>
		<pose>Unspecified</pose>
		<truncated>0</truncated>
		<difficult>0</difficult>
		<bndbox>
			<xmin>202</xmin>
			<ymin>57</ymin>
			<xmax>228</xmax>
			<ymax>87</ymax>
		</bndbox>
	</object>
</annotation>