<annotation>
	<folder>my-project-name</folder>
	<filename>BikesHelmets119.jpg</filename>
	<path>/my-project-name/BikesHelmets119.jpg</path>
	<source>
		<database>Unspecified</database>
	</source>
	<size>
		<width>402</width>
		<height>402</height>
		<depth>3</depth>
	</size>
	<object>
		<name>no_helm</name>
		<pose>Unspecified</pose>
		<truncated>0</truncated>
		<difficult>0</difficult>
		<bndbox>
			<xmin>114</xmin>
			<ymin>25</ymin>
			<xmax>192</xmax>
			<ymax>88</ymax>
		</bndbox>
	</object>
	<object>
		<name>no_helm</name>
		<pose>Unspecified</pose>
		<truncated>0</truncated>
		<difficult>0</difficult>
		<bndbox>
			<xmin>333</xmin>
			<ymin>86</ymin>
			<xmax>353</xmax>
			<ymax>110</ymax>
		</bndbox>
	</object>
	<object>
		<name>no_helm</name>
		<pose>Unspecified</pose>
		<truncated>0</truncated>
		<difficult>0</difficult>
		<bndbox>
			<xmin>229</xmin>
			<ymin>86</ymin>
			<xmax>252</xmax>
			<ymax>109</ymax>
		</bndbox>
	</object>
</annotation>