<annotation>
	<folder>my-project-name</folder>
	<filename>BikesHelmets218.jpg</filename>
	<path>/my-project-name/BikesHelmets218.jpg</path>
	<source>
		<database>Unspecified</database>
	</source>
	<size>
		<width>335</width>
		<height>335</height>
		<depth>3</depth>
	</size>
	<object>
		<name>helm</name>
		<pose>Unspecified</pose>
		<truncated>0</truncated>
		<difficult>0</difficult>
		<bndbox>
			<xmin>112</xmin>
			<ymin>45</ymin>
			<xmax>188</xmax>
			<ymax>130</ymax>
		</bndbox>
	</object>
</annotation>