<annotation>
	<folder>my-project-name</folder>
	<filename>BikesHelmets550.jpg</filename>
	<path>/my-project-name/BikesHelmets550.jpg</path>
	<source>
		<database>Unspecified</database>
	</source>
	<size>
		<width>243</width>
		<height>243</height>
		<depth>3</depth>
	</size>
	<object>
		<name>no_helm</name>
		<pose>Unspecified</pose>
		<truncated>0</truncated>
		<difficult>0</difficult>
		<bndbox>
			<xmin>71</xmin>
			<ymin>6</ymin>
			<xmax>99</xmax>
			<ymax>37</ymax>
		</bndbox>
	</object>
	<object>
		<name>no_helm</name>
		<pose>Unspecified</pose>
		<truncated>0</truncated>
		<difficult>0</difficult>
		<bndbox>
			<xmin>100</xmin>
			<ymin>13</ymin>
			<xmax>126</xmax>
			<ymax>38</ymax>
		</bndbox>
	</object>
	<object>
		<name>no_helm</name>
		<pose>Unspecified</pose>
		<truncated>0</truncated>
		<difficult>0</difficult>
		<bndbox>
			<xmin>145</xmin>
			<ymin>13</ymin>
			<xmax>176</xmax>
			<ymax>52</ymax>
		</bndbox>
	</object>
</annotation>