<annotation>
	<folder>my-project-name</folder>
	<filename>BikesHelmets772.jpg</filename>
	<path>/my-project-name/BikesHelmets772.jpg</path>
	<source>
		<database>Unspecified</database>
	</source>
	<size>
		<width>311</width>
		<height>311</height>
		<depth>3</depth>
	</size>
	<object>
		<name>helm</name>
		<pose>Unspecified</pose>
		<truncated>0</truncated>
		<difficult>0</difficult>
		<bndbox>
			<xmin>127</xmin>
			<ymin>97</ymin>
			<xmax>196</xmax>
			<ymax>164</ymax>
		</bndbox>
	</object>
</annotation>