<annotation>
	<folder>my-project-name</folder>
	<filename>BikesHelmets798.jpg</filename>
	<path>/my-project-name/BikesHelmets798.jpg</path>
	<source>
		<database>Unspecified</database>
	</source>
	<size>
		<width>167</width>
		<height>167</height>
		<depth>3</depth>
	</size>
	<object>
		<name>helm</name>
		<pose>Unspecified</pose>
		<truncated>0</truncated>
		<difficult>0</difficult>
		<bndbox>
			<xmin>46</xmin>
			<ymin>2</ymin>
			<xmax>140</xmax>
			<ymax>116</ymax>
		</bndbox>
	</object>
</annotation>