<annotation>
	<folder>my-project-name</folder>
	<filename>BikesHelmets721.jpg</filename>
	<path>/my-project-name/BikesHelmets721.jpg</path>
	<source>
		<database>Unspecified</database>
	</source>
	<size>
		<width>230</width>
		<height>229</height>
		<depth>3</depth>
	</size>
	<object>
		<name>helm</name>
		<pose>Unspecified</pose>
		<truncated>0</truncated>
		<difficult>0</difficult>
		<bndbox>
			<xmin>92</xmin>
			<ymin>7</ymin>
			<xmax>150</xmax>
			<ymax>70</ymax>
		</bndbox>
	</object>
</annotation>