<annotation>
	<folder>my-project-name</folder>
	<filename>BikesHelmets785.jpg</filename>
	<path>/my-project-name/BikesHelmets785.jpg</path>
	<source>
		<database>Unspecified</database>
	</source>
	<size>
		<width>183</width>
		<height>183</height>
		<depth>3</depth>
	</size>
	<object>
		<name>helm</name>
		<pose>Unspecified</pose>
		<truncated>0</truncated>
		<difficult>0</difficult>
		<bndbox>
			<xmin>89</xmin>
			<ymin>21</ymin>
			<xmax>141</xmax>
			<ymax>65</ymax>
		</bndbox>
	</object>
</annotation>