<annotation>
	<folder>my-project-name</folder>
	<filename>BikesHelmets331.jpg</filename>
	<path>/my-project-name/BikesHelmets331.jpg</path>
	<source>
		<database>Unspecified</database>
	</source>
	<size>
		<width>199</width>
		<height>199</height>
		<depth>3</depth>
	</size>
	<object>
		<name>no_helm</name>
		<pose>Unspecified</pose>
		<truncated>0</truncated>
		<difficult>0</difficult>
		<bndbox>
			<xmin>97</xmin>
			<ymin>35</ymin>
			<xmax>118</xmax>
			<ymax>59</ymax>
		</bndbox>
	</object>
	<object>
		<name>no_helm</name>
		<pose>Unspecified</pose>
		<truncated>0</truncated>
		<difficult>0</difficult>
		<bndbox>
			<xmin>122</xmin>
			<ymin>43</ymin>
			<xmax>148</xmax>
			<ymax>66</ymax>
		</bndbox>
	</object>
	<object>
		<name>no_helm</name>
		<pose>Unspecified</pose>
		<truncated>0</truncated>
		<difficult>0</difficult>
		<bndbox>
			<xmin>152</xmin>
			<ymin>38</ymin>
			<xmax>173</xmax>
			<ymax>59</ymax>
		</bndbox>
	</object>
</annotation>