<annotation>
	<folder>my-project-name</folder>
	<filename>BikesHelmets373.jpg</filename>
	<path>/my-project-name/BikesHelmets373.jpg</path>
	<source>
		<database>Unspecified</database>
	</source>
	<size>
		<width>269</width>
		<height>269</height>
		<depth>3</depth>
	</size>
	<object>
		<name>helm</name>
		<pose>Unspecified</pose>
		<truncated>0</truncated>
		<difficult>0</difficult>
		<bndbox>
			<xmin>128</xmin>
			<ymin>33</ymin>
			<xmax>169</xmax>
			<ymax>83</ymax>
		</bndbox>
	</object>
</annotation>