<annotation>
	<folder>my-project-name</folder>
	<filename>BikesHelmets62.jpg</filename>
	<path>/my-project-name/BikesHelmets62.jpg</path>
	<source>
		<database>Unspecified</database>
	</source>
	<size>
		<width>310</width>
		<height>310</height>
		<depth>3</depth>
	</size>
	<object>
		<name>no_helm</name>
		<pose>Unspecified</pose>
		<truncated>0</truncated>
		<difficult>0</difficult>
		<bndbox>
			<xmin>105</xmin>
			<ymin>20</ymin>
			<xmax>173</xmax>
			<ymax>100</ymax>
		</bndbox>
	</object>
</annotation>