<annotation>
	<folder>my-project-name</folder>
	<filename>BikesHelmets388.jpg</filename>
	<path>/my-project-name/BikesHelmets388.jpg</path>
	<source>
		<database>Unspecified</database>
	</source>
	<size>
		<width>188</width>
		<height>188</height>
		<depth>3</depth>
	</size>
	<object>
		<name>helm</name>
		<pose>Unspecified</pose>
		<truncated>0</truncated>
		<difficult>0</difficult>
		<bndbox>
			<xmin>66</xmin>
			<ymin>7</ymin>
			<xmax>115</xmax>
			<ymax>70</ymax>
		</bndbox>
	</object>
</annotation>