<annotation>
	<folder>my-project-name</folder>
	<filename>BikesHelmets722.jpg</filename>
	<path>/my-project-name/BikesHelmets722.jpg</path>
	<source>
		<database>Unspecified</database>
	</source>
	<size>
		<width>235</width>
		<height>235</height>
		<depth>3</depth>
	</size>
	<object>
		<name>helm</name>
		<pose>Unspecified</pose>
		<truncated>0</truncated>
		<difficult>0</difficult>
		<bndbox>
			<xmin>118</xmin>
			<ymin>0</ymin>
			<xmax>185</xmax>
			<ymax>59</ymax>
		</bndbox>
	</object>
</annotation>