<annotation>
	<folder>my-project-name</folder>
	<filename>BikesHelmets211.jpg</filename>
	<path>/my-project-name/BikesHelmets211.jpg</path>
	<source>
		<database>Unspecified</database>
	</source>
	<size>
		<width>244</width>
		<height>244</height>
		<depth>3</depth>
	</size>
	<object>
		<name>helm</name>
		<pose>Unspecified</pose>
		<truncated>0</truncated>
		<difficult>0</difficult>
		<bndbox>
			<xmin>84</xmin>
			<ymin>17</ymin>
			<xmax>136</xmax>
			<ymax>76</ymax>
		</bndbox>
	</object>
</annotation>