<annotation>
	<folder>my-project-name</folder>
	<filename>BikesHelmets27.jpg</filename>
	<path>/my-project-name/BikesHelmets27.jpg</path>
	<source>
		<database>Unspecified</database>
	</source>
	<size>
		<width>432</width>
		<height>432</height>
		<depth>3</depth>
	</size>
	<object>
		<name>helm</name>
		<pose>Unspecified</pose>
		<truncated>0</truncated>
		<difficult>0</difficult>
		<bndbox>
			<xmin>172</xmin>
			<ymin>10</ymin>
			<xmax>264</xmax>
			<ymax>99</ymax>
		</bndbox>
	</object>
</annotation>