<annotation>
	<folder>my-project-name</folder>
	<filename>BikesHelmets167.jpg</filename>
	<path>/my-project-name/BikesHelmets167.jpg</path>
	<source>
		<database>Unspecified</database>
	</source>
	<size>
		<width>331</width>
		<height>331</height>
		<depth>3</depth>
	</size>
	<object>
		<name>helm</name>
		<pose>Unspecified</pose>
		<truncated>0</truncated>
		<difficult>0</difficult>
		<bndbox>
			<xmin>115</xmin>
			<ymin>3</ymin>
			<xmax>179</xmax>
			<ymax>62</ymax>
		</bndbox>
	</object>
</annotation>