<annotation>
	<folder>my-project-name</folder>
	<filename>BikesHelmets296.jpg</filename>
	<path>/my-project-name/BikesHelmets296.jpg</path>
	<source>
		<database>Unspecified</database>
	</source>
	<size>
		<width>300</width>
		<height>300</height>
		<depth>3</depth>
	</size>
	<object>
		<name>no_helm</name>
		<pose>Unspecified</pose>
		<truncated>0</truncated>
		<difficult>0</difficult>
		<bndbox>
			<xmin>133</xmin>
			<ymin>21</ymin>
			<xmax>188</xmax>
			<ymax>68</ymax>
		</bndbox>
	</object>
	<object>
		<name>no_helm</name>
		<pose>Unspecified</pose>
		<truncated>0</truncated>
		<difficult>0</difficult>
		<bndbox>
			<xmin>197</xmin>
			<ymin>11</ymin>
			<xmax>242</xmax>
			<ymax>58</ymax>
		</bndbox>
	</object>
	<object>
		<name>no_helm</name>
		<pose>Unspecified</pose>
		<truncated>0</truncated>
		<difficult>0</difficult>
		<bndbox>
			<xmin>246</xmin>
			<ymin>12</ymin>
			<xmax>289</xmax>
			<ymax>62</ymax>
		</bndbox>
	</object>
</annotation>