<annotation>
	<folder>my-project-name</folder>
	<filename>BikesHelmets745.jpg</filename>
	<path>/my-project-name/BikesHelmets745.jpg</path>
	<source>
		<database>Unspecified</database>
	</source>
	<size>
		<width>187</width>
		<height>188</height>
		<depth>3</depth>
	</size>
	<object>
		<name>helm</name>
		<pose>Unspecified</pose>
		<truncated>0</truncated>
		<difficult>0</difficult>
		<bndbox>
			<xmin>42</xmin>
			<ymin>0</ymin>
			<xmax>74</xmax>
			<ymax>35</ymax>
		</bndbox>
	</object>
</annotation>