<annotation>
	<folder>my-project-name</folder>
	<filename>BikesHelmets109.jpg</filename>
	<path>/my-project-name/BikesHelmets109.jpg</path>
	<source>
		<database>Unspecified</database>
	</source>
	<size>
		<width>320</width>
		<height>320</height>
		<depth>3</depth>
	</size>
	<object>
		<name>helm</name>
		<pose>Unspecified</pose>
		<truncated>0</truncated>
		<difficult>0</difficult>
		<bndbox>
			<xmin>47</xmin>
			<ymin>55</ymin>
			<xmax>119</xmax>
			<ymax>116</ymax>
		</bndbox>
	</object>
</annotation>