<annotation>
	<folder>my-project-name</folder>
	<filename>BikesHelmets374.jpg</filename>
	<path>/my-project-name/BikesHelmets374.jpg</path>
	<source>
		<database>Unspecified</database>
	</source>
	<size>
		<width>350</width>
		<height>350</height>
		<depth>3</depth>
	</size>
	<object>
		<name>helm</name>
		<pose>Unspecified</pose>
		<truncated>0</truncated>
		<difficult>0</difficult>
		<bndbox>
			<xmin>159</xmin>
			<ymin>70</ymin>
			<xmax>224</xmax>
			<ymax>138</ymax>
		</bndbox>
	</object>
</annotation>