<annotation>
	<folder>my-project-name</folder>
	<filename>BikesHelmets782.jpg</filename>
	<path>/my-project-name/BikesHelmets782.jpg</path>
	<source>
		<database>Unspecified</database>
	</source>
	<size>
		<width>192</width>
		<height>192</height>
		<depth>3</depth>
	</size>
	<object>
		<name>helm</name>
		<pose>Unspecified</pose>
		<truncated>0</truncated>
		<difficult>0</difficult>
		<bndbox>
			<xmin>64</xmin>
			<ymin>7</ymin>
			<xmax>104</xmax>
			<ymax>47</ymax>
		</bndbox>
	</object>
</annotation>