<annotation>
	<folder>my-project-name</folder>
	<filename>BikesHelmets630.jpg</filename>
	<path>/my-project-name/BikesHelmets630.jpg</path>
	<source>
		<database>Unspecified</database>
	</source>
	<size>
		<width>294</width>
		<height>293</height>
		<depth>3</depth>
	</size>
	<object>
		<name>no_helm</name>
		<pose>Unspecified</pose>
		<truncated>0</truncated>
		<difficult>0</difficult>
		<bndbox>
			<xmin>143</xmin>
			<ymin>16</ymin>
			<xmax>191</xmax>
			<ymax>51</ymax>
		</bndbox>
	</object>
</annotation>