<annotation>
	<folder>my-project-name</folder>
	<filename>BikesHelmets647.jpg</filename>
	<path>/my-project-name/BikesHelmets647.jpg</path>
	<source>
		<database>Unspecified</database>
	</source>
	<size>
		<width>366</width>
		<height>366</height>
		<depth>3</depth>
	</size>
	<object>
		<name>no_helm</name>
		<pose>Unspecified</pose>
		<truncated>0</truncated>
		<difficult>0</difficult>
		<bndbox>
			<xmin>139</xmin>
			<ymin>25</ymin>
			<xmax>184</xmax>
			<ymax>78</ymax>
		</bndbox>
	</object>
</annotation>