<annotation>
	<folder>my-project-name</folder>
	<filename>BikesHelmets806.jpg</filename>
	<path>/my-project-name/BikesHelmets806.jpg</path>
	<source>
		<database>Unspecified</database>
	</source>
	<size>
		<width>163</width>
		<height>163</height>
		<depth>3</depth>
	</size>
	<object>
		<name>helm</name>
		<pose>Unspecified</pose>
		<truncated>0</truncated>
		<difficult>0</difficult>
		<bndbox>
			<xmin>8</xmin>
			<ymin>39</ymin>
			<xmax>27</xmax>
			<ymax>64</ymax>
		</bndbox>
	</object>
	<object>
		<name>helm</name>
		<pose>Unspecified</pose>
		<truncated>0</truncated>
		<difficult>0</difficult>
		<bndbox>
			<xmin>58</xmin>
			<ymin>27</ymin>
			<xmax>125</xmax>
			<ymax>78</ymax>
		</bndbox>
	</object>
	<object>
		<name>helm</name>
		<pose>Unspecified</pose>
		<truncated>0</truncated>
		<difficult>0</difficult>
		<bndbox>
			<xmin>146</xmin>
			<ymin>35</ymin>
			<xmax>163</xmax>
			<ymax>59</ymax>
		</bndbox>
	</object>
</annotation>