<annotation>
	<folder>my-project-name</folder>
	<filename>BikesHelmets238.jpg</filename>
	<path>/my-project-name/BikesHelmets238.jpg</path>
	<source>
		<database>Unspecified</database>
	</source>
	<size>
		<width>208</width>
		<height>208</height>
		<depth>3</depth>
	</size>
	<object>
		<name>no_helm</name>
		<pose>Unspecified</pose>
		<truncated>0</truncated>
		<difficult>0</difficult>
		<bndbox>
			<xmin>47</xmin>
			<ymin>0</ymin>
			<xmax>85</xmax>
			<ymax>35</ymax>
		</bndbox>
	</object>
</annotation>