<annotation>
	<folder>my-project-name</folder>
	<filename>BikesHelmets767.jpg</filename>
	<path>/my-project-name/BikesHelmets767.jpg</path>
	<source>
		<database>Unspecified</database>
	</source>
	<size>
		<width>736</width>
		<height>735</height>
		<depth>3</depth>
	</size>
	<object>
		<name>helm</name>
		<pose>Unspecified</pose>
		<truncated>0</truncated>
		<difficult>0</difficult>
		<bndbox>
			<xmin>181</xmin>
			<ymin>174</ymin>
			<xmax>513</xmax>
			<ymax>521</ymax>
		</bndbox>
	</object>
</annotation>