<annotation>
	<folder>my-project-name</folder>
	<filename>BikesHelmets675.jpg</filename>
	<path>/my-project-name/BikesHelmets675.jpg</path>
	<source>
		<database>Unspecified</database>
	</source>
	<size>
		<width>480</width>
		<height>480</height>
		<depth>3</depth>
	</size>
	<object>
		<name>helm</name>
		<pose>Unspecified</pose>
		<truncated>0</truncated>
		<difficult>0</difficult>
		<bndbox>
			<xmin>263</xmin>
			<ymin>18</ymin>
			<xmax>329</xmax>
			<ymax>121</ymax>
		</bndbox>
	</object>
</annotation>