<annotation>
	<folder>my-project-name</folder>
	<filename>BikesHelmets35.jpg</filename>
	<path>/my-project-name/BikesHelmets35.jpg</path>
	<source>
		<database>Unspecified</database>
	</source>
	<size>
		<width>295</width>
		<height>295</height>
		<depth>3</depth>
	</size>
	<object>
		<name>helm</name>
		<pose>Unspecified</pose>
		<truncated>0</truncated>
		<difficult>0</difficult>
		<bndbox>
			<xmin>105</xmin>
			<ymin>38</ymin>
			<xmax>172</xmax>
			<ymax>119</ymax>
		</bndbox>
	</object>
</annotation>