<annotation>
	<folder>my-project-name</folder>
	<filename>BikesHelmets705.jpg</filename>
	<path>/my-project-name/BikesHelmets705.jpg</path>
	<source>
		<database>Unspecified</database>
	</source>
	<size>
		<width>270</width>
		<height>270</height>
		<depth>3</depth>
	</size>
	<object>
		<name>helm</name>
		<pose>Unspecified</pose>
		<truncated>0</truncated>
		<difficult>0</difficult>
		<bndbox>
			<xmin>63</xmin>
			<ymin>5</ymin>
			<xmax>114</xmax>
			<ymax>61</ymax>
		</bndbox>
	</object>
</annotation>