<annotation>
	<folder>my-project-name</folder>
	<filename>BikesHelmets283.jpg</filename>
	<path>/my-project-name/BikesHelmets283.jpg</path>
	<source>
		<database>Unspecified</database>
	</source>
	<size>
		<width>206</width>
		<height>206</height>
		<depth>3</depth>
	</size>
	<object>
		<name>no_helm</name>
		<pose>Unspecified</pose>
		<truncated>0</truncated>
		<difficult>0</difficult>
		<bndbox>
			<xmin>33</xmin>
			<ymin>77</ymin>
			<xmax>66</xmax>
			<ymax>112</ymax>
		</bndbox>
	</object>
	<object>
		<name>no_helm</name>
		<pose>Unspecified</pose>
		<truncated>0</truncated>
		<difficult>0</difficult>
		<bndbox>
			<xmin>142</xmin>
			<ymin>59</ymin>
			<xmax>171</xmax>
			<ymax>100</ymax>
		</bndbox>
	</object>
	<object>
		<name>no_helm</name>
		<pose>Unspecified</pose>
		<truncated>0</truncated>
		<difficult>0</difficult>
		<bndbox>
			<xmin>115</xmin>
			<ymin>63</ymin>
			<xmax>141</xmax>
			<ymax>99</ymax>
		</bndbox>
	</object>
	<object>
		<name>no_helm</name>
		<pose>Unspecified</pose>
		<truncated>0</truncated>
		<difficult>0</difficult>
		<bndbox>
			<xmin>90</xmin>
			<ymin>72</ymin>
			<xmax>113</xmax>
			<ymax>109</ymax>
		</bndbox>
	</object>
	<object>
		<name>no_helm</name>
		<pose>Unspecified</pose>
		<truncated>0</truncated>
		<difficult>0</difficult>
		<bndbox>
			<xmin>68</xmin>
			<ymin>72</ymin>
			<xmax>89</xmax>
			<ymax>106</ymax>
		</bndbox>
	</object>
</annotation>