<annotation>
	<folder>my-project-name</folder>
	<filename>BikesHelmets350.jpg</filename>
	<path>/my-project-name/BikesHelmets350.jpg</path>
	<source>
		<database>Unspecified</database>
	</source>
	<size>
		<width>267</width>
		<height>267</height>
		<depth>3</depth>
	</size>
	<object>
		<name>helm</name>
		<pose>Unspecified</pose>
		<truncated>0</truncated>
		<difficult>0</difficult>
		<bndbox>
			<xmin>146</xmin>
			<ymin>8</ymin>
			<xmax>198</xmax>
			<ymax>70</ymax>
		</bndbox>
	</object>
</annotation>