<annotation>
	<folder>my-project-name</folder>
	<filename>BikesHelmets120.jpg</filename>
	<path>/my-project-name/BikesHelmets120.jpg</path>
	<source>
		<database>Unspecified</database>
	</source>
	<size>
		<width>303</width>
		<height>303</height>
		<depth>3</depth>
	</size>
	<object>
		<name>helm</name>
		<pose>Unspecified</pose>
		<truncated>0</truncated>
		<difficult>0</difficult>
		<bndbox>
			<xmin>104</xmin>
			<ymin>1</ymin>
			<xmax>166</xmax>
			<ymax>64</ymax>
		</bndbox>
	</object>
</annotation>