<annotation>
	<folder>my-project-name</folder>
	<filename>BikesHelmets741.jpg</filename>
	<path>/my-project-name/BikesHelmets741.jpg</path>
	<source>
		<database>Unspecified</database>
	</source>
	<size>
		<width>394</width>
		<height>394</height>
		<depth>3</depth>
	</size>
	<object>
		<name>helm</name>
		<pose>Unspecified</pose>
		<truncated>0</truncated>
		<difficult>0</difficult>
		<bndbox>
			<xmin>194</xmin>
			<ymin>14</ymin>
			<xmax>249</xmax>
			<ymax>82</ymax>
		</bndbox>
	</object>
</annotation>