<annotation>
	<folder>my-project-name</folder>
	<filename>BikesHelmets699.jpg</filename>
	<path>/my-project-name/BikesHelmets699.jpg</path>
	<source>
		<database>Unspecified</database>
	</source>
	<size>
		<width>228</width>
		<height>228</height>
		<depth>3</depth>
	</size>
	<object>
		<name>helm</name>
		<pose>Unspecified</pose>
		<truncated>0</truncated>
		<difficult>0</difficult>
		<bndbox>
			<xmin>103</xmin>
			<ymin>3</ymin>
			<xmax>136</xmax>
			<ymax>50</ymax>
		</bndbox>
	</object>
</annotation>