<annotation>
	<folder>my-project-name</folder>
	<filename>BikesHelmets794.jpg</filename>
	<path>/my-project-name/BikesHelmets794.jpg</path>
	<source>
		<database>Unspecified</database>
	</source>
	<size>
		<width>180</width>
		<height>179</height>
		<depth>3</depth>
	</size>
	<object>
		<name>helm</name>
		<pose>Unspecified</pose>
		<truncated>0</truncated>
		<difficult>0</difficult>
		<bndbox>
			<xmin>31</xmin>
			<ymin>30</ymin>
			<xmax>59</xmax>
			<ymax>69</ymax>
		</bndbox>
	</object>
	<object>
		<name>helm</name>
		<pose>Unspecified</pose>
		<truncated>0</truncated>
		<difficult>0</difficult>
		<bndbox>
			<xmin>68</xmin>
			<ymin>28</ymin>
			<xmax>104</xmax>
			<ymax>67</ymax>
		</bndbox>
	</object>
</annotation>