<annotation>
	<folder>my-project-name</folder>
	<filename>BikesHelmets765.jpg</filename>
	<path>/my-project-name/BikesHelmets765.jpg</path>
	<source>
		<database>Unspecified</database>
	</source>
	<size>
		<width>732</width>
		<height>732</height>
		<depth>3</depth>
	</size>
	<object>
		<name>helm</name>
		<pose>Unspecified</pose>
		<truncated>0</truncated>
		<difficult>0</difficult>
		<bndbox>
			<xmin>129</xmin>
			<ymin>76</ymin>
			<xmax>277</xmax>
			<ymax>268</ymax>
		</bndbox>
	</object>
</annotation>