<annotation>
	<folder>my-project-name</folder>
	<filename>BikesHelmets575.jpg</filename>
	<path>/my-project-name/BikesHelmets575.jpg</path>
	<source>
		<database>Unspecified</database>
	</source>
	<size>
		<width>288</width>
		<height>287</height>
		<depth>3</depth>
	</size>
	<object>
		<name>helm</name>
		<pose>Unspecified</pose>
		<truncated>0</truncated>
		<difficult>0</difficult>
		<bndbox>
			<xmin>166</xmin>
			<ymin>10</ymin>
			<xmax>221</xmax>
			<ymax>70</ymax>
		</bndbox>
	</object>
</annotation>