<annotation>
	<folder>my-project-name</folder>
	<filename>BikesHelmets170.jpg</filename>
	<path>/my-project-name/BikesHelmets170.jpg</path>
	<source>
		<database>Unspecified</database>
	</source>
	<size>
		<width>266</width>
		<height>266</height>
		<depth>3</depth>
	</size>
	<object>
		<name>no_helm</name>
		<pose>Unspecified</pose>
		<truncated>0</truncated>
		<difficult>0</difficult>
		<bndbox>
			<xmin>69</xmin>
			<ymin>5</ymin>
			<xmax>114</xmax>
			<ymax>54</ymax>
		</bndbox>
	</object>
</annotation>