<annotation>
	<folder>my-project-name</folder>
	<filename>BikesHelmets638.jpg</filename>
	<path>/my-project-name/BikesHelmets638.jpg</path>
	<source>
		<database>Unspecified</database>
	</source>
	<size>
		<width>316</width>
		<height>316</height>
		<depth>3</depth>
	</size>
	<object>
		<name>no_helm</name>
		<pose>Unspecified</pose>
		<truncated>0</truncated>
		<difficult>0</difficult>
		<bndbox>
			<xmin>101</xmin>
			<ymin>11</ymin>
			<xmax>165</xmax>
			<ymax>65</ymax>
		</bndbox>
	</object>
</annotation>