<annotation>
	<folder>my-project-name</folder>
	<filename>BikesHelmets771.jpg</filename>
	<path>/my-project-name/BikesHelmets771.jpg</path>
	<source>
		<database>Unspecified</database>
	</source>
	<size>
		<width>1333</width>
		<height>1332</height>
		<depth>3</depth>
	</size>
	<object>
		<name>helm</name>
		<pose>Unspecified</pose>
		<truncated>0</truncated>
		<difficult>0</difficult>
		<bndbox>
			<xmin>376</xmin>
			<ymin>80</ymin>
			<xmax>810</xmax>
			<ymax>617</ymax>
		</bndbox>
	</object>
</annotation>