<annotation>
	<folder>my-project-name</folder>
	<filename>BikesHelmets762.jpg</filename>
	<path>/my-project-name/BikesHelmets762.jpg</path>
	<source>
		<database>Unspecified</database>
	</source>
	<size>
		<width>371</width>
		<height>371</height>
		<depth>3</depth>
	</size>
	<object>
		<name>helm</name>
		<pose>Unspecified</pose>
		<truncated>0</truncated>
		<difficult>0</difficult>
		<bndbox>
			<xmin>226</xmin>
			<ymin>15</ymin>
			<xmax>291</xmax>
			<ymax>74</ymax>
		</bndbox>
	</object>
</annotation>