<annotation>
	<folder>my-project-name</folder>
	<filename>BikesHelmets53.jpg</filename>
	<path>/my-project-name/BikesHelmets53.jpg</path>
	<source>
		<database>Unspecified</database>
	</source>
	<size>
		<width>265</width>
		<height>265</height>
		<depth>3</depth>
	</size>
	<object>
		<name>helm</name>
		<pose>Unspecified</pose>
		<truncated>0</truncated>
		<difficult>0</difficult>
		<bndbox>
			<xmin>94</xmin>
			<ymin>14</ymin>
			<xmax>154</xmax>
			<ymax>66</ymax>
		</bndbox>
	</object>
</annotation>