<annotation>
	<folder>my-project-name</folder>
	<filename>BikesHelmets590.jpg</filename>
	<path>/my-project-name/BikesHelmets590.jpg</path>
	<source>
		<database>Unspecified</database>
	</source>
	<size>
		<width>247</width>
		<height>246</height>
		<depth>3</depth>
	</size>
	<object>
		<name>helm</name>
		<pose>Unspecified</pose>
		<truncated>0</truncated>
		<difficult>0</difficult>
		<bndbox>
			<xmin>140</xmin>
			<ymin>6</ymin>
			<xmax>187</xmax>
			<ymax>44</ymax>
		</bndbox>
	</object>
</annotation>