<annotation>
	<folder>my-project-name</folder>
	<filename>BikesHelmets187.jpg</filename>
	<path>/my-project-name/BikesHelmets187.jpg</path>
	<source>
		<database>Unspecified</database>
	</source>
	<size>
		<width>280</width>
		<height>280</height>
		<depth>3</depth>
	</size>
	<object>
		<name>helm</name>
		<pose>Unspecified</pose>
		<truncated>0</truncated>
		<difficult>0</difficult>
		<bndbox>
			<xmin>117</xmin>
			<ymin>9</ymin>
			<xmax>175</xmax>
			<ymax>62</ymax>
		</bndbox>
	</object>
</annotation>