<annotation>
	<folder>my-project-name</folder>
	<filename>BikesHelmets523.jpg</filename>
	<path>/my-project-name/BikesHelmets523.jpg</path>
	<source>
		<database>Unspecified</database>
	</source>
	<size>
		<width>292</width>
		<height>292</height>
		<depth>3</depth>
	</size>
	<object>
		<name>no_helm</name>
		<pose>Unspecified</pose>
		<truncated>0</truncated>
		<difficult>0</difficult>
		<bndbox>
			<xmin>162</xmin>
			<ymin>34</ymin>
			<xmax>206</xmax>
			<ymax>68</ymax>
		</bndbox>
	</object>
	<object>
		<name>no_helm</name>
		<pose>Unspecified</pose>
		<truncated>0</truncated>
		<difficult>0</difficult>
		<bndbox>
			<xmin>75</xmin>
			<ymin>48</ymin>
			<xmax>97</xmax>
			<ymax>75</ymax>
		</bndbox>
	</object>
</annotation>