<annotation>
	<folder>my-project-name</folder>
	<filename>BikesHelmets94.jpg</filename>
	<path>/my-project-name/BikesHelmets94.jpg</path>
	<source>
		<database>Unspecified</database>
	</source>
	<size>
		<width>300</width>
		<height>300</height>
		<depth>3</depth>
	</size>
	<object>
		<name>helm</name>
		<pose>Unspecified</pose>
		<truncated>0</truncated>
		<difficult>0</difficult>
		<bndbox>
			<xmin>113</xmin>
			<ymin>1</ymin>
			<xmax>216</xmax>
			<ymax>81</ymax>
		</bndbox>
	</object>
</annotation>