<annotation>
	<folder>my-project-name</folder>
	<filename>BikesHelmets570.jpg</filename>
	<path>/my-project-name/BikesHelmets570.jpg</path>
	<source>
		<database>Unspecified</database>
	</source>
	<size>
		<width>300</width>
		<height>300</height>
		<depth>3</depth>
	</size>
	<object>
		<name>helm</name>
		<pose>Unspecified</pose>
		<truncated>0</truncated>
		<difficult>0</difficult>
		<bndbox>
			<xmin>115</xmin>
			<ymin>47</ymin>
			<xmax>165</xmax>
			<ymax>94</ymax>
		</bndbox>
	</object>
</annotation>