<annotation>
	<folder>my-project-name</folder>
	<filename>BikesHelmets316.jpg</filename>
	<path>/my-project-name/BikesHelmets316.jpg</path>
	<source>
		<database>Unspecified</database>
	</source>
	<size>
		<width>267</width>
		<height>268</height>
		<depth>3</depth>
	</size>
	<object>
		<name>helm</name>
		<pose>Unspecified</pose>
		<truncated>0</truncated>
		<difficult>0</difficult>
		<bndbox>
			<xmin>129</xmin>
			<ymin>7</ymin>
			<xmax>166</xmax>
			<ymax>52</ymax>
		</bndbox>
	</object>
</annotation>