<annotation>
	<folder>my-project-name</folder>
	<filename>BikesHelmets670.jpg</filename>
	<path>/my-project-name/BikesHelmets670.jpg</path>
	<source>
		<database>Unspecified</database>
	</source>
	<size>
		<width>283</width>
		<height>283</height>
		<depth>3</depth>
	</size>
	<object>
		<name>no_helm</name>
		<pose>Unspecified</pose>
		<truncated>0</truncated>
		<difficult>0</difficult>
		<bndbox>
			<xmin>72</xmin>
			<ymin>12</ymin>
			<xmax>106</xmax>
			<ymax>49</ymax>
		</bndbox>
	</object>
</annotation>