<annotation>
	<folder>my-project-name</folder>
	<filename>BikesHelmets800.jpg</filename>
	<path>/my-project-name/BikesHelmets800.jpg</path>
	<source>
		<database>Unspecified</database>
	</source>
	<size>
		<width>167</width>
		<height>167</height>
		<depth>3</depth>
	</size>
	<object>
		<name>helm</name>
		<pose>Unspecified</pose>
		<truncated>0</truncated>
		<difficult>0</difficult>
		<bndbox>
			<xmin>28</xmin>
			<ymin>39</ymin>
			<xmax>52</xmax>
			<ymax>56</ymax>
		</bndbox>
	</object>
	<object>
		<name>helm</name>
		<pose>Unspecified</pose>
		<truncated>0</truncated>
		<difficult>0</difficult>
		<bndbox>
			<xmin>35</xmin>
			<ymin>54</ymin>
			<xmax>75</xmax>
			<ymax>95</ymax>
		</bndbox>
	</object>
	<object>
		<name>helm</name>
		<pose>Unspecified</pose>
		<truncated>0</truncated>
		<difficult>0</difficult>
		<bndbox>
			<xmin>140</xmin>
			<ymin>32</ymin>
			<xmax>167</xmax>
			<ymax>78</ymax>
		</bndbox>
	</object>
</annotation>