<annotation>
	<folder>my-project-name</folder>
	<filename>BikesHelmets607.jpg</filename>
	<path>/my-project-name/BikesHelmets607.jpg</path>
	<source>
		<database>Unspecified</database>
	</source>
	<size>
		<width>277</width>
		<height>277</height>
		<depth>3</depth>
	</size>
	<object>
		<name>helm</name>
		<pose>Unspecified</pose>
		<truncated>0</truncated>
		<difficult>0</difficult>
		<bndbox>
			<xmin>107</xmin>
			<ymin>20</ymin>
			<xmax>150</xmax>
			<ymax>69</ymax>
		</bndbox>
	</object>
</annotation>