<annotation>
	<folder>my-project-name</folder>
	<filename>BikesHelmets250.jpg</filename>
	<path>/my-project-name/BikesHelmets250.jpg</path>
	<source>
		<database>Unspecified</database>
	</source>
	<size>
		<width>274</width>
		<height>274</height>
		<depth>3</depth>
	</size>
	<object>
		<name>helm</name>
		<pose>Unspecified</pose>
		<truncated>0</truncated>
		<difficult>0</difficult>
		<bndbox>
			<xmin>154</xmin>
			<ymin>47</ymin>
			<xmax>200</xmax>
			<ymax>90</ymax>
		</bndbox>
	</object>
	<object>
		<name>helm</name>
		<pose>Unspecified</pose>
		<truncated>0</truncated>
		<difficult>0</difficult>
		<bndbox>
			<xmin>74</xmin>
			<ymin>66</ymin>
			<xmax>96</xmax>
			<ymax>94</ymax>
		</bndbox>
	</object>
</annotation>