<annotation>
	<folder>my-project-name</folder>
	<filename>BikesHelmets309.jpg</filename>
	<path>/my-project-name/BikesHelmets309.jpg</path>
	<source>
		<database>Unspecified</database>
	</source>
	<size>
		<width>352</width>
		<height>352</height>
		<depth>3</depth>
	</size>
	<object>
		<name>helm</name>
		<pose>Unspecified</pose>
		<truncated>0</truncated>
		<difficult>0</difficult>
		<bndbox>
			<xmin>159</xmin>
			<ymin>6</ymin>
			<xmax>235</xmax>
			<ymax>97</ymax>
		</bndbox>
	</object>
</annotation>