<annotation>
	<folder>my-project-name</folder>
	<filename>BikesHelmets384.jpg</filename>
	<path>/my-project-name/BikesHelmets384.jpg</path>
	<source>
		<database>Unspecified</database>
	</source>
	<size>
		<width>320</width>
		<height>319</height>
		<depth>3</depth>
	</size>
	<object>
		<name>no_helm</name>
		<pose>Unspecified</pose>
		<truncated>0</truncated>
		<difficult>0</difficult>
		<bndbox>
			<xmin>103</xmin>
			<ymin>19</ymin>
			<xmax>162</xmax>
			<ymax>73</ymax>
		</bndbox>
	</object>
</annotation>