<annotation>
	<folder>my-project-name</folder>
	<filename>BikesHelmets48.jpg</filename>
	<path>/my-project-name/BikesHelmets48.jpg</path>
	<source>
		<database>Unspecified</database>
	</source>
	<size>
		<width>347</width>
		<height>347</height>
		<depth>3</depth>
	</size>
	<object>
		<name>helm</name>
		<pose>Unspecified</pose>
		<truncated>0</truncated>
		<difficult>0</difficult>
		<bndbox>
			<xmin>126</xmin>
			<ymin>38</ymin>
			<xmax>196</xmax>
			<ymax>129</ymax>
		</bndbox>
	</object>
</annotation>