<annotation>
	<folder>my-project-name</folder>
	<filename>BikesHelmets288.jpg</filename>
	<path>/my-project-name/BikesHelmets288.jpg</path>
	<source>
		<database>Unspecified</database>
	</source>
	<size>
		<width>247</width>
		<height>247</height>
		<depth>3</depth>
	</size>
	<object>
		<name>helm</name>
		<pose>Unspecified</pose>
		<truncated>0</truncated>
		<difficult>0</difficult>
		<bndbox>
			<xmin>142</xmin>
			<ymin>2</ymin>
			<xmax>184</xmax>
			<ymax>49</ymax>
		</bndbox>
	</object>
</annotation>