<annotation>
	<folder>my-project-name</folder>
	<filename>BikesHelmets804.jpg</filename>
	<path>/my-project-name/BikesHelmets804.jpg</path>
	<source>
		<database>Unspecified</database>
	</source>
	<size>
		<width>162</width>
		<height>163</height>
		<depth>3</depth>
	</size>
	<object>
		<name>helm</name>
		<pose>Unspecified</pose>
		<truncated>0</truncated>
		<difficult>0</difficult>
		<bndbox>
			<xmin>43</xmin>
			<ymin>38</ymin>
			<xmax>61</xmax>
			<ymax>54</ymax>
		</bndbox>
	</object>
	<object>
		<name>helm</name>
		<pose>Unspecified</pose>
		<truncated>0</truncated>
		<difficult>0</difficult>
		<bndbox>
			<xmin>75</xmin>
			<ymin>14</ymin>
			<xmax>101</xmax>
			<ymax>46</ymax>
		</bndbox>
	</object>
</annotation>