<annotation>
	<folder>my-project-name</folder>
	<filename>BikesHelmets292.jpg</filename>
	<path>/my-project-name/BikesHelmets292.jpg</path>
	<source>
		<database>Unspecified</database>
	</source>
	<size>
		<width>345</width>
		<height>345</height>
		<depth>3</depth>
	</size>
	<object>
		<name>helm</name>
		<pose>Unspecified</pose>
		<truncated>0</truncated>
		<difficult>0</difficult>
		<bndbox>
			<xmin>37</xmin>
			<ymin>17</ymin>
			<xmax>143</xmax>
			<ymax>115</ymax>
		</bndbox>
	</object>
</annotation>