<annotation>
	<folder>my-project-name</folder>
	<filename>BikesHelmets330.jpg</filename>
	<path>/my-project-name/BikesHelmets330.jpg</path>
	<source>
		<database>Unspecified</database>
	</source>
	<size>
		<width>335</width>
		<height>335</height>
		<depth>3</depth>
	</size>
	<object>
		<name>helm</name>
		<pose>Unspecified</pose>
		<truncated>0</truncated>
		<difficult>0</difficult>
		<bndbox>
			<xmin>88</xmin>
			<ymin>1</ymin>
			<xmax>171</xmax>
			<ymax>108</ymax>
		</bndbox>
	</object>
</annotation>