<annotation>
	<folder>my-project-name</folder>
	<filename>BikesHelmets641.jpg</filename>
	<path>/my-project-name/BikesHelmets641.jpg</path>
	<source>
		<database>Unspecified</database>
	</source>
	<size>
		<width>375</width>
		<height>375</height>
		<depth>3</depth>
	</size>
	<object>
		<name>no_helm</name>
		<pose>Unspecified</pose>
		<truncated>0</truncated>
		<difficult>0</difficult>
		<bndbox>
			<xmin>207</xmin>
			<ymin>120</ymin>
			<xmax>252</xmax>
			<ymax>179</ymax>
		</bndbox>
	</object>
	<object>
		<name>no_helm</name>
		<pose>Unspecified</pose>
		<truncated>0</truncated>
		<difficult>0</difficult>
		<bndbox>
			<xmin>86</xmin>
			<ymin>7</ymin>
			<xmax>132</xmax>
			<ymax>70</ymax>
		</bndbox>
	</object>
</annotation>