<annotation>
	<folder>my-project-name</folder>
	<filename>BikesHelmets786.jpg</filename>
	<path>/my-project-name/BikesHelmets786.jpg</path>
	<source>
		<database>Unspecified</database>
	</source>
	<size>
		<width>422</width>
		<height>422</height>
		<depth>3</depth>
	</size>
	<object>
		<name>helm</name>
		<pose>Unspecified</pose>
		<truncated>0</truncated>
		<difficult>0</difficult>
		<bndbox>
			<xmin>131</xmin>
			<ymin>0</ymin>
			<xmax>264</xmax>
			<ymax>144</ymax>
		</bndbox>
	</object>
</annotation>