<annotation>
	<folder>my-project-name</folder>
	<filename>BikesHelmets51.jpg</filename>
	<path>/my-project-name/BikesHelmets51.jpg</path>
	<source>
		<database>Unspecified</database>
	</source>
	<size>
		<width>300</width>
		<height>300</height>
		<depth>3</depth>
	</size>
	<object>
		<name>helm</name>
		<pose>Unspecified</pose>
		<truncated>0</truncated>
		<difficult>0</difficult>
		<bndbox>
			<xmin>104</xmin>
			<ymin>25</ymin>
			<xmax>148</xmax>
			<ymax>74</ymax>
		</bndbox>
	</object>
</annotation>