<annotation>
	<folder>my-project-name</folder>
	<filename>BikesHelmets770.jpg</filename>
	<path>/my-project-name/BikesHelmets770.jpg</path>
	<source>
		<database>Unspecified</database>
	</source>
	<size>
		<width>735</width>
		<height>735</height>
		<depth>3</depth>
	</size>
	<object>
		<name>helm</name>
		<pose>Unspecified</pose>
		<truncated>0</truncated>
		<difficult>0</difficult>
		<bndbox>
			<xmin>202</xmin>
			<ymin>44</ymin>
			<xmax>557</xmax>
			<ymax>456</ymax>
		</bndbox>
	</object>
</annotation>