<annotation>
	<folder>my-project-name</folder>
	<filename>BikesHelmets664.jpg</filename>
	<path>/my-project-name/BikesHelmets664.jpg</path>
	<source>
		<database>Unspecified</database>
	</source>
	<size>
		<width>375</width>
		<height>375</height>
		<depth>3</depth>
	</size>
	<object>
		<name>no_helm</name>
		<pose>Unspecified</pose>
		<truncated>0</truncated>
		<difficult>0</difficult>
		<bndbox>
			<xmin>108</xmin>
			<ymin>44</ymin>
			<xmax>150</xmax>
			<ymax>119</ymax>
		</bndbox>
	</object>
</annotation>