<annotation>
	<folder>my-project-name</folder>
	<filename>BikesHelmets139.jpg</filename>
	<path>/my-project-name/BikesHelmets139.jpg</path>
	<source>
		<database>Unspecified</database>
	</source>
	<size>
		<width>200</width>
		<height>200</height>
		<depth>3</depth>
	</size>
	<object>
		<name>helm</name>
		<pose>Unspecified</pose>
		<truncated>0</truncated>
		<difficult>0</difficult>
		<bndbox>
			<xmin>82</xmin>
			<ymin>22</ymin>
			<xmax>127</xmax>
			<ymax>65</ymax>
		</bndbox>
	</object>
</annotation>