<annotation>
	<folder>my-project-name</folder>
	<filename>BikesHelmets769.jpg</filename>
	<path>/my-project-name/BikesHelmets769.jpg</path>
	<source>
		<database>Unspecified</database>
	</source>
	<size>
		<width>236</width>
		<height>236</height>
		<depth>3</depth>
	</size>
	<object>
		<name>helm</name>
		<pose>Unspecified</pose>
		<truncated>0</truncated>
		<difficult>0</difficult>
		<bndbox>
			<xmin>100</xmin>
			<ymin>12</ymin>
			<xmax>164</xmax>
			<ymax>80</ymax>
		</bndbox>
	</object>
</annotation>