<annotation>
	<folder>my-project-name</folder>
	<filename>BikesHelmets508.jpg</filename>
	<path>/my-project-name/BikesHelmets508.jpg</path>
	<source>
		<database>Unspecified</database>
	</source>
	<size>
		<width>225</width>
		<height>224</height>
		<depth>3</depth>
	</size>
	<object>
		<name>helm</name>
		<pose>Unspecified</pose>
		<truncated>0</truncated>
		<difficult>0</difficult>
		<bndbox>
			<xmin>110</xmin>
			<ymin>14</ymin>
			<xmax>172</xmax>
			<ymax>77</ymax>
		</bndbox>
	</object>
</annotation>