<annotation>
	<folder>my-project-name</folder>
	<filename>BikesHelmets557.jpg</filename>
	<path>/my-project-name/BikesHelmets557.jpg</path>
	<source>
		<database>Unspecified</database>
	</source>
	<size>
		<width>225</width>
		<height>225</height>
		<depth>3</depth>
	</size>
	<object>
		<name>no_helm</name>
		<pose>Unspecified</pose>
		<truncated>0</truncated>
		<difficult>0</difficult>
		<bndbox>
			<xmin>35</xmin>
			<ymin>62</ymin>
			<xmax>54</xmax>
			<ymax>81</ymax>
		</bndbox>
	</object>
	<object>
		<name>no_helm</name>
		<pose>Unspecified</pose>
		<truncated>0</truncated>
		<difficult>0</difficult>
		<bndbox>
			<xmin>67</xmin>
			<ymin>74</ymin>
			<xmax>78</xmax>
			<ymax>88</ymax>
		</bndbox>
	</object>
	<object>
		<name>no_helm</name>
		<pose>Unspecified</pose>
		<truncated>0</truncated>
		<difficult>0</difficult>
		<bndbox>
			<xmin>110</xmin>
			<ymin>65</ymin>
			<xmax>124</xmax>
			<ymax>80</ymax>
		</bndbox>
	</object>
	<object>
		<name>no_helm</name>
		<pose>Unspecified</pose>
		<truncated>0</truncated>
		<difficult>0</difficult>
		<bndbox>
			<xmin>171</xmin>
			<ymin>62</ymin>
			<xmax>188</xmax>
			<ymax>78</ymax>
		</bndbox>
	</object>
	<object>
		<name>helm</name>
		<pose>Unspecified</pose>
		<truncated>0</truncated>
		<difficult>0</difficult>
		<bndbox>
			<xmin>132</xmin>
			<ymin>64</ymin>
			<xmax>149</xmax>
			<ymax>85</ymax>
		</bndbox>
	</object>
	<object>
		<name>helm</name>
		<pose>Unspecified</pose>
		<truncated>0</truncated>
		<difficult>0</difficult>
		<bndbox>
			<xmin>81</xmin>
			<ymin>64</ymin>
			<xmax>103</xmax>
			<ymax>90</ymax>
		</bndbox>
	</object>
</annotation>