<annotation>
	<folder>my-project-name</folder>
	<filename>BikesHelmets270.jpg</filename>
	<path>/my-project-name/BikesHelmets270.jpg</path>
	<source>
		<database>Unspecified</database>
	</source>
	<size>
		<width>354</width>
		<height>354</height>
		<depth>3</depth>
	</size>
	<object>
		<name>helm</name>
		<pose>Unspecified</pose>
		<truncated>0</truncated>
		<difficult>0</difficult>
		<bndbox>
			<xmin>146</xmin>
			<ymin>24</ymin>
			<xmax>226</xmax>
			<ymax>135</ymax>
		</bndbox>
	</object>
</annotation>