<annotation>
	<folder>my-project-name</folder>
	<filename>BikesHelmets742.jpg</filename>
	<path>/my-project-name/BikesHelmets742.jpg</path>
	<source>
		<database>Unspecified</database>
	</source>
	<size>
		<width>225</width>
		<height>225</height>
		<depth>3</depth>
	</size>
	<object>
		<name>helm</name>
		<pose>Unspecified</pose>
		<truncated>0</truncated>
		<difficult>0</difficult>
		<bndbox>
			<xmin>99</xmin>
			<ymin>7</ymin>
			<xmax>161</xmax>
			<ymax>67</ymax>
		</bndbox>
	</object>
</annotation>