<annotation>
	<folder>my-project-name</folder>
	<filename>BikesHelmets594.jpg</filename>
	<path>/my-project-name/BikesHelmets594.jpg</path>
	<source>
		<database>Unspecified</database>
	</source>
	<size>
		<width>258</width>
		<height>258</height>
		<depth>3</depth>
	</size>
	<object>
		<name>no_helm</name>
		<pose>Unspecified</pose>
		<truncated>0</truncated>
		<difficult>0</difficult>
		<bndbox>
			<xmin>120</xmin>
			<ymin>14</ymin>
			<xmax>162</xmax>
			<ymax>47</ymax>
		</bndbox>
	</object>
	<object>
		<name>no_helm</name>
		<pose>Unspecified</pose>
		<truncated>0</truncated>
		<difficult>0</difficult>
		<bndbox>
			<xmin>80</xmin>
			<ymin>61</ymin>
			<xmax>117</xmax>
			<ymax>86</ymax>
		</bndbox>
	</object>
	<object>
		<name>no_helm</name>
		<pose>Unspecified</pose>
		<truncated>0</truncated>
		<difficult>0</difficult>
		<bndbox>
			<xmin>9</xmin>
			<ymin>22</ymin>
			<xmax>39</xmax>
			<ymax>47</ymax>
		</bndbox>
	</object>
</annotation>