<annotation>
	<folder>my-project-name</folder>
	<filename>BikesHelmets789.jpg</filename>
	<path>/my-project-name/BikesHelmets789.jpg</path>
	<source>
		<database>Unspecified</database>
	</source>
	<size>
		<width>190</width>
		<height>190</height>
		<depth>3</depth>
	</size>
	<object>
		<name>helm</name>
		<pose>Unspecified</pose>
		<truncated>0</truncated>
		<difficult>0</difficult>
		<bndbox>
			<xmin>25</xmin>
			<ymin>1</ymin>
			<xmax>169</xmax>
			<ymax>169</ymax>
		</bndbox>
	</object>
</annotation>