<annotation>
	<folder>my-project-name</folder>
	<filename>BikesHelmets256.jpg</filename>
	<path>/my-project-name/BikesHelmets256.jpg</path>
	<source>
		<database>Unspecified</database>
	</source>
	<size>
		<width>236</width>
		<height>236</height>
		<depth>3</depth>
	</size>
	<object>
		<name>no_helm</name>
		<pose>Unspecified</pose>
		<truncated>0</truncated>
		<difficult>0</difficult>
		<bndbox>
			<xmin>74</xmin>
			<ymin>2</ymin>
			<xmax>116</xmax>
			<ymax>39</ymax>
		</bndbox>
	</object>
	<object>
		<name>no_helm</name>
		<pose>Unspecified</pose>
		<truncated>0</truncated>
		<difficult>0</difficult>
		<bndbox>
			<xmin>149</xmin>
			<ymin>12</ymin>
			<xmax>186</xmax>
			<ymax>48</ymax>
		</bndbox>
	</object>
	<object>
		<name>no_helm</name>
		<pose>Unspecified</pose>
		<truncated>0</truncated>
		<difficult>0</difficult>
		<bndbox>
			<xmin>122</xmin>
			<ymin>5</ymin>
			<xmax>144</xmax>
			<ymax>42</ymax>
		</bndbox>
	</object>
	<object>
		<name>no_helm</name>
		<pose>Unspecified</pose>
		<truncated>0</truncated>
		<difficult>0</difficult>
		<bndbox>
			<xmin>51</xmin>
			<ymin>25</ymin>
			<xmax>64</xmax>
			<ymax>43</ymax>
		</bndbox>
	</object>
</annotation>