<annotation>
	<folder>my-project-name</folder>
	<filename>BikesHelmets210.jpg</filename>
	<path>/my-project-name/BikesHelmets210.jpg</path>
	<source>
		<database>Unspecified</database>
	</source>
	<size>
		<width>266</width>
		<height>266</height>
		<depth>3</depth>
	</size>
	<object>
		<name>helm</name>
		<pose>Unspecified</pose>
		<truncated>0</truncated>
		<difficult>0</difficult>
		<bndbox>
			<xmin>107</xmin>
			<ymin>54</ymin>
			<xmax>138</xmax>
			<ymax>93</ymax>
		</bndbox>
	</object>
</annotation>