<annotation>
	<folder>my-project-name</folder>
	<filename>BikesHelmets773.jpg</filename>
	<path>/my-project-name/BikesHelmets773.jpg</path>
	<source>
		<database>Unspecified</database>
	</source>
	<size>
		<width>224</width>
		<height>224</height>
		<depth>3</depth>
	</size>
	<object>
		<name>helm</name>
		<pose>Unspecified</pose>
		<truncated>0</truncated>
		<difficult>0</difficult>
		<bndbox>
			<xmin>98</xmin>
			<ymin>10</ymin>
			<xmax>139</xmax>
			<ymax>51</ymax>
		</bndbox>
	</object>
</annotation>