<annotation>
	<folder>my-project-name</folder>
	<filename>BikesHelmets797.jpg</filename>
	<path>/my-project-name/BikesHelmets797.jpg</path>
	<source>
		<database>Unspecified</database>
	</source>
	<size>
		<width>183</width>
		<height>183</height>
		<depth>3</depth>
	</size>
	<object>
		<name>helm</name>
		<pose>Unspecified</pose>
		<truncated>0</truncated>
		<difficult>0</difficult>
		<bndbox>
			<xmin>50</xmin>
			<ymin>30</ymin>
			<xmax>84</xmax>
			<ymax>62</ymax>
		</bndbox>
	</object>
</annotation>