<annotation>
	<folder>my-project-name</folder>
	<filename>BikesHelmets726.jpg</filename>
	<path>/my-project-name/BikesHelmets726.jpg</path>
	<source>
		<database>Unspecified</database>
	</source>
	<size>
		<width>331</width>
		<height>330</height>
		<depth>3</depth>
	</size>
	<object>
		<name>helm</name>
		<pose>Unspecified</pose>
		<truncated>0</truncated>
		<difficult>0</difficult>
		<bndbox>
			<xmin>130</xmin>
			<ymin>18</ymin>
			<xmax>190</xmax>
			<ymax>81</ymax>
		</bndbox>
	</object>
</annotation>