<annotation>
	<folder>my-project-name</folder>
	<filename>BikesHelmets158.jpg</filename>
	<path>/my-project-name/BikesHelmets158.jpg</path>
	<source>
		<database>Unspecified</database>
	</source>
	<size>
		<width>243</width>
		<height>243</height>
		<depth>3</depth>
	</size>
	<object>
		<name>helm</name>
		<pose>Unspecified</pose>
		<truncated>0</truncated>
		<difficult>0</difficult>
		<bndbox>
			<xmin>69</xmin>
			<ymin>7</ymin>
			<xmax>113</xmax>
			<ymax>57</ymax>
		</bndbox>
	</object>
</annotation>