<annotation>
	<folder>my-project-name</folder>
	<filename>BikesHelmets739.jpg</filename>
	<path>/my-project-name/BikesHelmets739.jpg</path>
	<source>
		<database>Unspecified</database>
	</source>
	<size>
		<width>225</width>
		<height>225</height>
		<depth>3</depth>
	</size>
	<object>
		<name>no_helm</name>
		<pose>Unspecified</pose>
		<truncated>0</truncated>
		<difficult>0</difficult>
		<bndbox>
			<xmin>99</xmin>
			<ymin>17</ymin>
			<xmax>134</xmax>
			<ymax>68</ymax>
		</bndbox>
	</object>
	<object>
		<name>no_helm</name>
		<pose>Unspecified</pose>
		<truncated>0</truncated>
		<difficult>0</difficult>
		<bndbox>
			<xmin>54</xmin>
			<ymin>20</ymin>
			<xmax>80</xmax>
			<ymax>66</ymax>
		</bndbox>
	</object>
</annotation>