<annotation>
	<folder>my-project-name</folder>
	<filename>BikesHelmets783.jpg</filename>
	<path>/my-project-name/BikesHelmets783.jpg</path>
	<source>
		<database>Unspecified</database>
	</source>
	<size>
		<width>182</width>
		<height>183</height>
		<depth>3</depth>
	</size>
	<object>
		<name>helm</name>
		<pose>Unspecified</pose>
		<truncated>0</truncated>
		<difficult>0</difficult>
		<bndbox>
			<xmin>25</xmin>
			<ymin>7</ymin>
			<xmax>137</xmax>
			<ymax>144</ymax>
		</bndbox>
	</object>
</annotation>