<annotation>
	<folder>my-project-name</folder>
	<filename>BikesHelmets538.jpg</filename>
	<path>/my-project-name/BikesHelmets538.jpg</path>
	<source>
		<database>Unspecified</database>
	</source>
	<size>
		<width>387</width>
		<height>387</height>
		<depth>3</depth>
	</size>
	<object>
		<name>helm</name>
		<pose>Unspecified</pose>
		<truncated>0</truncated>
		<difficult>0</difficult>
		<bndbox>
			<xmin>157</xmin>
			<ymin>150</ymin>
			<xmax>211</xmax>
			<ymax>202</ymax>
		</bndbox>
	</object>
</annotation>