<annotation>
	<folder>my-project-name</folder>
	<filename>BikesHelmets192.jpg</filename>
	<path>/my-project-name/BikesHelmets192.jpg</path>
	<source>
		<database>Unspecified</database>
	</source>
	<size>
		<width>214</width>
		<height>214</height>
		<depth>3</depth>
	</size>
	<object>
		<name>no_helm</name>
		<pose>Unspecified</pose>
		<truncated>0</truncated>
		<difficult>0</difficult>
		<bndbox>
			<xmin>81</xmin>
			<ymin>39</ymin>
			<xmax>125</xmax>
			<ymax>89</ymax>
		</bndbox>
	</object>
</annotation>