<annotation>
	<folder>my-project-name</folder>
	<filename>BikesHelmets4.jpg</filename>
	<path>/my-project-name/BikesHelmets4.jpg</path>
	<source>
		<database>Unspecified</database>
	</source>
	<size>
		<width>258</width>
		<height>258</height>
		<depth>3</depth>
	</size>
	<object>
		<name>helm</name>
		<pose>Unspecified</pose>
		<truncated>0</truncated>
		<difficult>0</difficult>
		<bndbox>
			<xmin>78</xmin>
			<ymin>40</ymin>
			<xmax>126</xmax>
			<ymax>90</ymax>
		</bndbox>
	</object>
</annotation>