<annotation>
	<folder>my-project-name</folder>
	<filename>BikesHelmets251.jpg</filename>
	<path>/my-project-name/BikesHelmets251.jpg</path>
	<source>
		<database>Unspecified</database>
	</source>
	<size>
		<width>225</width>
		<height>225</height>
		<depth>3</depth>
	</size>
	<object>
		<name>helm</name>
		<pose>Unspecified</pose>
		<truncated>0</truncated>
		<difficult>0</difficult>
		<bndbox>
			<xmin>66</xmin>
			<ymin>4</ymin>
			<xmax>99</xmax>
			<ymax>50</ymax>
		</bndbox>
	</object>
</annotation>