<annotation>
	<folder>my-project-name</folder>
	<filename>BikesHelmets77.jpg</filename>
	<path>/my-project-name/BikesHelmets77.jpg</path>
	<source>
		<database>Unspecified</database>
	</source>
	<size>
		<width>250</width>
		<height>250</height>
		<depth>3</depth>
	</size>
	<object>
		<name>no_helm</name>
		<pose>Unspecified</pose>
		<truncated>0</truncated>
		<difficult>0</difficult>
		<bndbox>
			<xmin>56</xmin>
			<ymin>4</ymin>
			<xmax>117</xmax>
			<ymax>57</ymax>
		</bndbox>
	</object>
	<object>
		<name>no_helm</name>
		<pose>Unspecified</pose>
		<truncated>0</truncated>
		<difficult>0</difficult>
		<bndbox>
			<xmin>147</xmin>
			<ymin>9</ymin>
			<xmax>166</xmax>
			<ymax>28</ymax>
		</bndbox>
	</object>
</annotation>