<annotation>
	<folder>my-project-name</folder>
	<filename>BikesHelmets780.jpg</filename>
	<path>/my-project-name/BikesHelmets780.jpg</path>
	<source>
		<database>Unspecified</database>
	</source>
	<size>
		<width>540</width>
		<height>540</height>
		<depth>3</depth>
	</size>
	<object>
		<name>helm</name>
		<pose>Unspecified</pose>
		<truncated>0</truncated>
		<difficult>0</difficult>
		<bndbox>
			<xmin>224</xmin>
			<ymin>23</ymin>
			<xmax>316</xmax>
			<ymax>116</ymax>
		</bndbox>
	</object>
</annotation>