<annotation>
	<folder>my-project-name</folder>
	<filename>BikesHelmets578.jpg</filename>
	<path>/my-project-name/BikesHelmets578.jpg</path>
	<source>
		<database>Unspecified</database>
	</source>
	<size>
		<width>234</width>
		<height>233</height>
		<depth>3</depth>
	</size>
	<object>
		<name>no_helm</name>
		<pose>Unspecified</pose>
		<truncated>0</truncated>
		<difficult>0</difficult>
		<bndbox>
			<xmin>85</xmin>
			<ymin>24</ymin>
			<xmax>119</xmax>
			<ymax>47</ymax>
		</bndbox>
	</object>
	<object>
		<name>no_helm</name>
		<pose>Unspecified</pose>
		<truncated>0</truncated>
		<difficult>0</difficult>
		<bndbox>
			<xmin>51</xmin>
			<ymin>60</ymin>
			<xmax>77</xmax>
			<ymax>85</ymax>
		</bndbox>
	</object>
</annotation>