<annotation>
	<folder>my-project-name</folder>
	<filename>BikesHelmets787.jpg</filename>
	<path>/my-project-name/BikesHelmets787.jpg</path>
	<source>
		<database>Unspecified</database>
	</source>
	<size>
		<width>408</width>
		<height>408</height>
		<depth>3</depth>
	</size>
	<object>
		<name>helm</name>
		<pose>Unspecified</pose>
		<truncated>0</truncated>
		<difficult>0</difficult>
		<bndbox>
			<xmin>151</xmin>
			<ymin>28</ymin>
			<xmax>250</xmax>
			<ymax>131</ymax>
		</bndbox>
	</object>
</annotation>