<annotation>
	<folder>my-project-name</folder>
	<filename>BikesHelmets13.jpg</filename>
	<path>/my-project-name/BikesHelmets13.jpg</path>
	<source>
		<database>Unspecified</database>
	</source>
	<size>
		<width>557</width>
		<height>557</height>
		<depth>3</depth>
	</size>
	<object>
		<name>helm</name>
		<pose>Unspecified</pose>
		<truncated>0</truncated>
		<difficult>0</difficult>
		<bndbox>
			<xmin>248</xmin>
			<ymin>27</ymin>
			<xmax>341</xmax>
			<ymax>139</ymax>
		</bndbox>
	</object>
</annotation>