<annotation>
	<folder>my-project-name</folder>
	<filename>BikesHelmets466.jpg</filename>
	<path>/my-project-name/BikesHelmets466.jpg</path>
	<source>
		<database>Unspecified</database>
	</source>
	<size>
		<width>300</width>
		<height>300</height>
		<depth>3</depth>
	</size>
	<object>
		<name>no_helm</name>
		<pose>Unspecified</pose>
		<truncated>0</truncated>
		<difficult>0</difficult>
		<bndbox>
			<xmin>180</xmin>
			<ymin>31</ymin>
			<xmax>222</xmax>
			<ymax>82</ymax>
		</bndbox>
	</object>
</annotation>