<annotation>
	<folder>my-project-name</folder>
	<filename>BikesHelmets766.jpg</filename>
	<path>/my-project-name/BikesHelmets766.jpg</path>
	<source>
		<database>Unspecified</database>
	</source>
	<size>
		<width>749</width>
		<height>750</height>
		<depth>3</depth>
	</size>
	<object>
		<name>helm</name>
		<pose>Unspecified</pose>
		<truncated>0</truncated>
		<difficult>0</difficult>
		<bndbox>
			<xmin>214</xmin>
			<ymin>110</ymin>
			<xmax>570</xmax>
			<ymax>480</ymax>
		</bndbox>
	</object>
</annotation>