<annotation>
	<folder>my-project-name</folder>
	<filename>BikesHelmets659.jpg</filename>
	<path>/my-project-name/BikesHelmets659.jpg</path>
	<source>
		<database>Unspecified</database>
	</source>
	<size>
		<width>225</width>
		<height>224</height>
		<depth>3</depth>
	</size>
	<object>
		<name>helm</name>
		<pose>Unspecified</pose>
		<truncated>0</truncated>
		<difficult>0</difficult>
		<bndbox>
			<xmin>147</xmin>
			<ymin>9</ymin>
			<xmax>179</xmax>
			<ymax>60</ymax>
		</bndbox>
	</object>
</annotation>