<annotation>
	<folder>my-project-name</folder>
	<filename>BikesHelmets663.jpg</filename>
	<path>/my-project-name/BikesHelmets663.jpg</path>
	<source>
		<database>Unspecified</database>
	</source>
	<size>
		<width>344</width>
		<height>344</height>
		<depth>3</depth>
	</size>
	<object>
		<name>helm</name>
		<pose>Unspecified</pose>
		<truncated>0</truncated>
		<difficult>0</difficult>
		<bndbox>
			<xmin>45</xmin>
			<ymin>21</ymin>
			<xmax>133</xmax>
			<ymax>114</ymax>
		</bndbox>
	</object>
</annotation>