<annotation>
	<folder>my-project-name</folder>
	<filename>BikesHelmets778.jpg</filename>
	<path>/my-project-name/BikesHelmets778.jpg</path>
	<source>
		<database>Unspecified</database>
	</source>
	<size>
		<width>182</width>
		<height>182</height>
		<depth>3</depth>
	</size>
	<object>
		<name>helm</name>
		<pose>Unspecified</pose>
		<truncated>0</truncated>
		<difficult>0</difficult>
		<bndbox>
			<xmin>50</xmin>
			<ymin>34</ymin>
			<xmax>102</xmax>
			<ymax>90</ymax>
		</bndbox>
	</object>
</annotation>