<annotation>
	<folder>my-project-name</folder>
	<filename>BikesHelmets781.jpg</filename>
	<path>/my-project-name/BikesHelmets781.jpg</path>
	<source>
		<database>Unspecified</database>
	</source>
	<size>
		<width>593</width>
		<height>594</height>
		<depth>3</depth>
	</size>
	<object>
		<name>helm</name>
		<pose>Unspecified</pose>
		<truncated>0</truncated>
		<difficult>0</difficult>
		<bndbox>
			<xmin>187</xmin>
			<ymin>37</ymin>
			<xmax>292</xmax>
			<ymax>145</ymax>
		</bndbox>
	</object>
</annotation>