<annotation>
	<folder>my-project-name</folder>
	<filename>BikesHelmets650.jpg</filename>
	<path>/my-project-name/BikesHelmets650.jpg</path>
	<source>
		<database>Unspecified</database>
	</source>
	<size>
		<width>284</width>
		<height>284</height>
		<depth>3</depth>
	</size>
	<object>
		<name>helm</name>
		<pose>Unspecified</pose>
		<truncated>0</truncated>
		<difficult>0</difficult>
		<bndbox>
			<xmin>120</xmin>
			<ymin>19</ymin>
			<xmax>170</xmax>
			<ymax>63</ymax>
		</bndbox>
	</object>
</annotation>