<annotation>
	<folder>my-project-name</folder>
	<filename>BikesHelmets183.jpg</filename>
	<path>/my-project-name/BikesHelmets183.jpg</path>
	<source>
		<database>Unspecified</database>
	</source>
	<size>
		<width>329</width>
		<height>329</height>
		<depth>3</depth>
	</size>
	<object>
		<name>helm</name>
		<pose>Unspecified</pose>
		<truncated>0</truncated>
		<difficult>0</difficult>
		<bndbox>
			<xmin>106</xmin>
			<ymin>60</ymin>
			<xmax>157</xmax>
			<ymax>119</ymax>
		</bndbox>
	</object>
</annotation>