<annotation>
	<folder>my-project-name</folder>
	<filename>BikesHelmets803.jpg</filename>
	<path>/my-project-name/BikesHelmets803.jpg</path>
	<source>
		<database>Unspecified</database>
	</source>
	<size>
		<width>168</width>
		<height>168</height>
		<depth>3</depth>
	</size>
	<object>
		<name>helm</name>
		<pose>Unspecified</pose>
		<truncated>0</truncated>
		<difficult>0</difficult>
		<bndbox>
			<xmin>35</xmin>
			<ymin>15</ymin>
			<xmax>143</xmax>
			<ymax>120</ymax>
		</bndbox>
	</object>
</annotation>