<annotation>
	<folder>my-project-name</folder>
	<filename>BikesHelmets796.jpg</filename>
	<path>/my-project-name/BikesHelmets796.jpg</path>
	<source>
		<database>Unspecified</database>
	</source>
	<size>
		<width>182</width>
		<height>182</height>
		<depth>3</depth>
	</size>
	<object>
		<name>helm</name>
		<pose>Unspecified</pose>
		<truncated>0</truncated>
		<difficult>0</difficult>
		<bndbox>
			<xmin>36</xmin>
			<ymin>40</ymin>
			<xmax>54</xmax>
			<ymax>72</ymax>
		</bndbox>
	</object>
	<object>
		<name>helm</name>
		<pose>Unspecified</pose>
		<truncated>0</truncated>
		<difficult>0</difficult>
		<bndbox>
			<xmin>59</xmin>
			<ymin>37</ymin>
			<xmax>82</xmax>
			<ymax>75</ymax>
		</bndbox>
	</object>
	<object>
		<name>helm</name>
		<pose>Unspecified</pose>
		<truncated>0</truncated>
		<difficult>0</difficult>
		<bndbox>
			<xmin>78</xmin>
			<ymin>65</ymin>
			<xmax>106</xmax>
			<ymax>103</ymax>
		</bndbox>
	</object>
</annotation>