<annotation>
	<folder>my-project-name</folder>
	<filename>BikesHelmets802.jpg</filename>
	<path>/my-project-name/BikesHelmets802.jpg</path>
	<source>
		<database>Unspecified</database>
	</source>
	<size>
		<width>185</width>
		<height>185</height>
		<depth>3</depth>
	</size>
	<object>
		<name>helm</name>
		<pose>Unspecified</pose>
		<truncated>0</truncated>
		<difficult>0</difficult>
		<bndbox>
			<xmin>50</xmin>
			<ymin>29</ymin>
			<xmax>166</xmax>
			<ymax>133</ymax>
		</bndbox>
	</object>
</annotation>