<annotation>
	<folder>my-project-name</folder>
	<filename>BikesHelmets799.jpg</filename>
	<path>/my-project-name/BikesHelmets799.jpg</path>
	<source>
		<database>Unspecified</database>
	</source>
	<size>
		<width>183</width>
		<height>182</height>
		<depth>3</depth>
	</size>
	<object>
		<name>helm</name>
		<pose>Unspecified</pose>
		<truncated>0</truncated>
		<difficult>0</difficult>
		<bndbox>
			<xmin>100</xmin>
			<ymin>2</ymin>
			<xmax>139</xmax>
			<ymax>45</ymax>
		</bndbox>
	</object>
</annotation>