<annotation>
	<folder>my-project-name</folder>
	<filename>BikesHelmets111.jpg</filename>
	<path>/my-project-name/BikesHelmets111.jpg</path>
	<source>
		<database>Unspecified</database>
	</source>
	<size>
		<width>244</width>
		<height>244</height>
		<depth>3</depth>
	</size>
	<object>
		<name>no_helm</name>
		<pose>Unspecified</pose>
		<truncated>0</truncated>
		<difficult>0</difficult>
		<bndbox>
			<xmin>80</xmin>
			<ymin>49</ymin>
			<xmax>120</xmax>
			<ymax>80</ymax>
		</bndbox>
	</object>
</annotation>