<annotation>
	<folder>my-project-name</folder>
	<filename>BikesHelmets681.jpg</filename>
	<path>/my-project-name/BikesHelmets681.jpg</path>
	<source>
		<database>Unspecified</database>
	</source>
	<size>
		<width>250</width>
		<height>249</height>
		<depth>3</depth>
	</size>
	<object>
		<name>no_helm</name>
		<pose>Unspecified</pose>
		<truncated>0</truncated>
		<difficult>0</difficult>
		<bndbox>
			<xmin>107</xmin>
			<ymin>3</ymin>
			<xmax>154</xmax>
			<ymax>52</ymax>
		</bndbox>
	</object>
</annotation>