<annotation>
	<folder>my-project-name</folder>
	<filename>BikesHelmets121.jpg</filename>
	<path>/my-project-name/BikesHelmets121.jpg</path>
	<source>
		<database>Unspecified</database>
	</source>
	<size>
		<width>269</width>
		<height>269</height>
		<depth>3</depth>
	</size>
	<object>
		<name>helm</name>
		<pose>Unspecified</pose>
		<truncated>0</truncated>
		<difficult>0</difficult>
		<bndbox>
			<xmin>107</xmin>
			<ymin>14</ymin>
			<xmax>166</xmax>
			<ymax>74</ymax>
		</bndbox>
	</object>
</annotation>