<annotation>
	<folder>my-project-name</folder>
	<filename>BikesHelmets601.jpg</filename>
	<path>/my-project-name/BikesHelmets601.jpg</path>
	<source>
		<database>Unspecified</database>
	</source>
	<size>
		<width>261</width>
		<height>262</height>
		<depth>3</depth>
	</size>
	<object>
		<name>no_helm</name>
		<pose>Unspecified</pose>
		<truncated>0</truncated>
		<difficult>0</difficult>
		<bndbox>
			<xmin>128</xmin>
			<ymin>60</ymin>
			<xmax>156</xmax>
			<ymax>89</ymax>
		</bndbox>
	</object>
</annotation>