<annotation>
	<folder>my-project-name</folder>
	<filename>BikesHelmets477.jpg</filename>
	<path>/my-project-name/BikesHelmets477.jpg</path>
	<source>
		<database>Unspecified</database>
	</source>
	<size>
		<width>259</width>
		<height>259</height>
		<depth>3</depth>
	</size>
	<object>
		<name>no_helm</name>
		<pose>Unspecified</pose>
		<truncated>0</truncated>
		<difficult>0</difficult>
		<bndbox>
			<xmin>142</xmin>
			<ymin>1</ymin>
			<xmax>192</xmax>
			<ymax>47</ymax>
		</bndbox>
	</object>
</annotation>