<annotation>
	<folder>my-project-name</folder>
	<filename>BikesHelmets306.jpg</filename>
	<path>/my-project-name/BikesHelmets306.jpg</path>
	<source>
		<database>Unspecified</database>
	</source>
	<size>
		<width>478</width>
		<height>477</height>
		<depth>3</depth>
	</size>
	<object>
		<name>no_helm</name>
		<pose>Unspecified</pose>
		<truncated>0</truncated>
		<difficult>0</difficult>
		<bndbox>
			<xmin>137</xmin>
			<ymin>34</ymin>
			<xmax>211</xmax>
			<ymax>128</ymax>
		</bndbox>
	</object>
	<object>
		<name>no_helm</name>
		<pose>Unspecified</pose>
		<truncated>0</truncated>
		<difficult>0</difficult>
		<bndbox>
			<xmin>322</xmin>
			<ymin>54</ymin>
			<xmax>391</xmax>
			<ymax>145</ymax>
		</bndbox>
	</object>
</annotation>