<annotation>
	<folder>my-project-name</folder>
	<filename>BikesHelmets706.jpg</filename>
	<path>/my-project-name/BikesHelmets706.jpg</path>
	<source>
		<database>Unspecified</database>
	</source>
	<size>
		<width>263</width>
		<height>262</height>
		<depth>3</depth>
	</size>
	<object>
		<name>no_helm</name>
		<pose>Unspecified</pose>
		<truncated>0</truncated>
		<difficult>0</difficult>
		<bndbox>
			<xmin>92</xmin>
			<ymin>31</ymin>
			<xmax>125</xmax>
			<ymax>72</ymax>
		</bndbox>
	</object>
	<object>
		<name>no_helm</name>
		<pose>Unspecified</pose>
		<truncated>0</truncated>
		<difficult>0</difficult>
		<bndbox>
			<xmin>143</xmin>
			<ymin>34</ymin>
			<xmax>173</xmax>
			<ymax>67</ymax>
		</bndbox>
	</object>
</annotation>