<annotation>
	<folder>my-project-name</folder>
	<filename>BikesHelmets577.jpg</filename>
	<path>/my-project-name/BikesHelmets577.jpg</path>
	<source>
		<database>Unspecified</database>
	</source>
	<size>
		<width>271</width>
		<height>271</height>
		<depth>3</depth>
	</size>
	<object>
		<name>no_helm</name>
		<pose>Unspecified</pose>
		<truncated>0</truncated>
		<difficult>0</difficult>
		<bndbox>
			<xmin>109</xmin>
			<ymin>24</ymin>
			<xmax>157</xmax>
			<ymax>92</ymax>
		</bndbox>
	</object>
</annotation>