<annotation>
	<folder>my-project-name</folder>
	<filename>BikesHelmets269.jpg</filename>
	<path>/my-project-name/BikesHelmets269.jpg</path>
	<source>
		<database>Unspecified</database>
	</source>
	<size>
		<width>244</width>
		<height>244</height>
		<depth>3</depth>
	</size>
	<object>
		<name>helm</name>
		<pose>Unspecified</pose>
		<truncated>0</truncated>
		<difficult>0</difficult>
		<bndbox>
			<xmin>109</xmin>
			<ymin>19</ymin>
			<xmax>163</xmax>
			<ymax>69</ymax>
		</bndbox>
	</object>
</annotation>