<annotation>
	<folder>my-project-name</folder>
	<filename>BikesHelmets634.jpg</filename>
	<path>/my-project-name/BikesHelmets634.jpg</path>
	<source>
		<database>Unspecified</database>
	</source>
	<size>
		<width>279</width>
		<height>279</height>
		<depth>3</depth>
	</size>
	<object>
		<name>no_helm</name>
		<pose>Unspecified</pose>
		<truncated>0</truncated>
		<difficult>0</difficult>
		<bndbox>
			<xmin>148</xmin>
			<ymin>43</ymin>
			<xmax>197</xmax>
			<ymax>91</ymax>
		</bndbox>
	</object>
	<object>
		<name>no_helm</name>
		<pose>Unspecified</pose>
		<truncated>0</truncated>
		<difficult>0</difficult>
		<bndbox>
			<xmin>74</xmin>
			<ymin>33</ymin>
			<xmax>125</xmax>
			<ymax>79</ymax>
		</bndbox>
	</object>
</annotation>