<annotation>
	<folder>my-project-name</folder>
	<filename>BikesHelmets784.jpg</filename>
	<path>/my-project-name/BikesHelmets784.jpg</path>
	<source>
		<database>Unspecified</database>
	</source>
	<size>
		<width>1156</width>
		<height>1156</height>
		<depth>3</depth>
	</size>
	<object>
		<name>helm</name>
		<pose>Unspecified</pose>
		<truncated>0</truncated>
		<difficult>0</difficult>
		<bndbox>
			<xmin>269</xmin>
			<ymin>149</ymin>
			<xmax>583</xmax>
			<ymax>453</ymax>
		</bndbox>
	</object>
</annotation>