<annotation>
	<folder>my-project-name</folder>
	<filename>BikesHelmets793.jpg</filename>
	<path>/my-project-name/BikesHelmets793.jpg</path>
	<source>
		<database>Unspecified</database>
	</source>
	<size>
		<width>183</width>
		<height>183</height>
		<depth>3</depth>
	</size>
	<object>
		<name>helm</name>
		<pose>Unspecified</pose>
		<truncated>0</truncated>
		<difficult>0</difficult>
		<bndbox>
			<xmin>32</xmin>
			<ymin>1</ymin>
			<xmax>157</xmax>
			<ymax>105</ymax>
		</bndbox>
	</object>
</annotation>