<annotation>
	<folder>my-project-name</folder>
	<filename>BikesHelmets108.jpg</filename>
	<path>/my-project-name/BikesHelmets108.jpg</path>
	<source>
		<database>Unspecified</database>
	</source>
	<size>
		<width>243</width>
		<height>243</height>
		<depth>3</depth>
	</size>
	<object>
		<name>helm</name>
		<pose>Unspecified</pose>
		<truncated>0</truncated>
		<difficult>0</difficult>
		<bndbox>
			<xmin>83</xmin>
			<ymin>31</ymin>
			<xmax>127</xmax>
			<ymax>69</ymax>
		</bndbox>
	</object>
</annotation>