<annotation>
	<folder>my-project-name</folder>
	<filename>BikesHelmets805.jpg</filename>
	<path>/my-project-name/BikesHelmets805.jpg</path>
	<source>
		<database>Unspecified</database>
	</source>
	<size>
		<width>176</width>
		<height>176</height>
		<depth>3</depth>
	</size>
	<object>
		<name>helm</name>
		<pose>Unspecified</pose>
		<truncated>0</truncated>
		<difficult>0</difficult>
		<bndbox>
			<xmin>34</xmin>
			<ymin>4</ymin>
			<xmax>81</xmax>
			<ymax>54</ymax>
		</bndbox>
	</object>
	<object>
		<name>helm</name>
		<pose>Unspecified</pose>
		<truncated>0</truncated>
		<difficult>0</difficult>
		<bndbox>
			<xmin>121</xmin>
			<ymin>2</ymin>
			<xmax>154</xmax>
			<ymax>36</ymax>
		</bndbox>
	</object>
	<object>
		<name>no_helm</name>
		<pose>Unspecified</pose>
		<truncated>0</truncated>
		<difficult>0</difficult>
		<bndbox>
			<xmin>88</xmin>
			<ymin>61</ymin>
			<xmax>128</xmax>
			<ymax>102</ymax>
		</bndbox>
	</object>
</annotation>