<annotation>
	<folder>my-project-name</folder>
	<filename>BikesHelmets294.jpg</filename>
	<path>/my-project-name/BikesHelmets294.jpg</path>
	<source>
		<database>Unspecified</database>
	</source>
	<size>
		<width>200</width>
		<height>199</height>
		<depth>3</depth>
	</size>
	<object>
		<name>helm</name>
		<pose>Unspecified</pose>
		<truncated>0</truncated>
		<difficult>0</difficult>
		<bndbox>
			<xmin>81</xmin>
			<ymin>24</ymin>
			<xmax>130</xmax>
			<ymax>64</ymax>
		</bndbox>
	</object>
</annotation>