<annotation>
	<folder>my-project-name</folder>
	<filename>BikesHelmets337.jpg</filename>
	<path>/my-project-name/BikesHelmets337.jpg</path>
	<source>
		<database>Unspecified</database>
	</source>
	<size>
		<width>310</width>
		<height>310</height>
		<depth>3</depth>
	</size>
	<object>
		<name>helm</name>
		<pose>Unspecified</pose>
		<truncated>0</truncated>
		<difficult>0</difficult>
		<bndbox>
			<xmin>154</xmin>
			<ymin>33</ymin>
			<xmax>215</xmax>
			<ymax>98</ymax>
		</bndbox>
	</object>
</annotation>