<annotation>
	<folder>my-project-name</folder>
	<filename>BikesHelmets792.jpg</filename>
	<path>/my-project-name/BikesHelmets792.jpg</path>
	<source>
		<database>Unspecified</database>
	</source>
	<size>
		<width>159</width>
		<height>159</height>
		<depth>3</depth>
	</size>
	<object>
		<name>helm</name>
		<pose>Unspecified</pose>
		<truncated>0</truncated>
		<difficult>0</difficult>
		<bndbox>
			<xmin>47</xmin>
			<ymin>6</ymin>
			<xmax>97</xmax>
			<ymax>66</ymax>
		</bndbox>
	</object>
</annotation>