<annotation>
	<folder>my-project-name</folder>
	<filename>BikesHelmets678.jpg</filename>
	<path>/my-project-name/BikesHelmets678.jpg</path>
	<source>
		<database>Unspecified</database>
	</source>
	<size>
		<width>317</width>
		<height>317</height>
		<depth>3</depth>
	</size>
	<object>
		<name>no_helm</name>
		<pose>Unspecified</pose>
		<truncated>0</truncated>
		<difficult>0</difficult>
		<bndbox>
			<xmin>172</xmin>
			<ymin>15</ymin>
			<xmax>240</xmax>
			<ymax>90</ymax>
		</bndbox>
	</object>
</annotation>