<annotation>
	<folder>my-project-name</folder>
	<filename>BikesHelmets1.jpg</filename>
	<path>/my-project-name/BikesHelmets1.jpg</path>
	<source>
		<database>Unspecified</database>
	</source>
	<size>
		<width>300</width>
		<height>300</height>
		<depth>3</depth>
	</size>
	<object>
		<name>helm</name>
		<pose>Unspecified</pose>
		<truncated>0</truncated>
		<difficult>0</difficult>
		<bndbox>
			<xmin>97</xmin>
			<ymin>1</ymin>
			<xmax>196</xmax>
			<ymax>78</ymax>
		</bndbox>
	</object>
</annotation>