<annotation>
	<folder>my-project-name</folder>
	<filename>BikesHelmets335.jpg</filename>
	<path>/my-project-name/BikesHelmets335.jpg</path>
	<source>
		<database>Unspecified</database>
	</source>
	<size>
		<width>299</width>
		<height>299</height>
		<depth>3</depth>
	</size>
	<object>
		<name>no_helm</name>
		<pose>Unspecified</pose>
		<truncated>0</truncated>
		<difficult>0</difficult>
		<bndbox>
			<xmin>157</xmin>
			<ymin>56</ymin>
			<xmax>204</xmax>
			<ymax>110</ymax>
		</bndbox>
	</object>
</annotation>