<annotation>
	<folder>my-project-name</folder>
	<filename>BikesHelmets588.jpg</filename>
	<path>/my-project-name/BikesHelmets588.jpg</path>
	<source>
		<database>Unspecified</database>
	</source>
	<size>
		<width>250</width>
		<height>250</height>
		<depth>3</depth>
	</size>
	<object>
		<name>no_helm</name>
		<pose>Unspecified</pose>
		<truncated>0</truncated>
		<difficult>0</difficult>
		<bndbox>
			<xmin>105</xmin>
			<ymin>2</ymin>
			<xmax>156</xmax>
			<ymax>50</ymax>
		</bndbox>
	</object>
</annotation>