<annotation>
	<folder>my-project-name</folder>
	<filename>BikesHelmets749.jpg</filename>
	<path>/my-project-name/BikesHelmets749.jpg</path>
	<source>
		<database>Unspecified</database>
	</source>
	<size>
		<width>321</width>
		<height>320</height>
		<depth>3</depth>
	</size>
	<object>
		<name>helm</name>
		<pose>Unspecified</pose>
		<truncated>0</truncated>
		<difficult>0</difficult>
		<bndbox>
			<xmin>167</xmin>
			<ymin>53</ymin>
			<xmax>208</xmax>
			<ymax>104</ymax>
		</bndbox>
	</object>
</annotation>