<annotation>
	<folder>my-project-name</folder>
	<filename>BikesHelmets629.jpg</filename>
	<path>/my-project-name/BikesHelmets629.jpg</path>
	<source>
		<database>Unspecified</database>
	</source>
	<size>
		<width>267</width>
		<height>267</height>
		<depth>3</depth>
	</size>
	<object>
		<name>helm</name>
		<pose>Unspecified</pose>
		<truncated>0</truncated>
		<difficult>0</difficult>
		<bndbox>
			<xmin>116</xmin>
			<ymin>21</ymin>
			<xmax>161</xmax>
			<ymax>68</ymax>
		</bndbox>
	</object>
</annotation>