<annotation>
	<folder>my-project-name</folder>
	<filename>BikesHelmets289.jpg</filename>
	<path>/my-project-name/BikesHelmets289.jpg</path>
	<source>
		<database>Unspecified</database>
	</source>
	<size>
		<width>404</width>
		<height>404</height>
		<depth>3</depth>
	</size>
	<object>
		<name>no_helm</name>
		<pose>Unspecified</pose>
		<truncated>0</truncated>
		<difficult>0</difficult>
		<bndbox>
			<xmin>164</xmin>
			<ymin>39</ymin>
			<xmax>227</xmax>
			<ymax>141</ymax>
		</bndbox>
	</object>
</annotation>