<annotation>
	<folder>my-project-name</folder>
	<filename>BikesHelmets84.jpg</filename>
	<path>/my-project-name/BikesHelmets84.jpg</path>
	<source>
		<database>Unspecified</database>
	</source>
	<size>
		<width>331</width>
		<height>331</height>
		<depth>3</depth>
	</size>
	<object>
		<name>helm</name>
		<pose>Unspecified</pose>
		<truncated>0</truncated>
		<difficult>0</difficult>
		<bndbox>
			<xmin>101</xmin>
			<ymin>46</ymin>
			<xmax>191</xmax>
			<ymax>137</ymax>
		</bndbox>
	</object>
</annotation>