<annotation>
	<folder>my-project-name</folder>
	<filename>BikesHelmets801.jpg</filename>
	<path>/my-project-name/BikesHelmets801.jpg</path>
	<source>
		<database>Unspecified</database>
	</source>
	<size>
		<width>168</width>
		<height>167</height>
		<depth>3</depth>
	</size>
	<object>
		<name>helm</name>
		<pose>Unspecified</pose>
		<truncated>0</truncated>
		<difficult>0</difficult>
		<bndbox>
			<xmin>60</xmin>
			<ymin>19</ymin>
			<xmax>141</xmax>
			<ymax>103</ymax>
		</bndbox>
	</object>
</annotation>