<annotation>
	<folder>my-project-name</folder>
	<filename>BikesHelmets653.jpg</filename>
	<path>/my-project-name/BikesHelmets653.jpg</path>
	<source>
		<database>Unspecified</database>
	</source>
	<size>
		<width>243</width>
		<height>242</height>
		<depth>3</depth>
	</size>
	<object>
		<name>helm</name>
		<pose>Unspecified</pose>
		<truncated>0</truncated>
		<difficult>0</difficult>
		<bndbox>
			<xmin>88</xmin>
			<ymin>0</ymin>
			<xmax>162</xmax>
			<ymax>95</ymax>
		</bndbox>
	</object>
</annotation>