<annotation>
	<folder>my-project-name</folder>
	<filename>BikesHelmets36.jpg</filename>
	<path>/my-project-name/BikesHelmets36.jpg</path>
	<source>
		<database>Unspecified</database>
	</source>
	<size>
		<width>297</width>
		<height>297</height>
		<depth>3</depth>
	</size>
	<object>
		<name>helm</name>
		<pose>Unspecified</pose>
		<truncated>0</truncated>
		<difficult>0</difficult>
		<bndbox>
			<xmin>126</xmin>
			<ymin>36</ymin>
			<xmax>174</xmax>
			<ymax>91</ymax>
		</bndbox>
	</object>
</annotation>