<annotation>
	<folder>my-project-name</folder>
	<filename>BikesHelmets380.jpg</filename>
	<path>/my-project-name/BikesHelmets380.jpg</path>
	<source>
		<database>Unspecified</database>
	</source>
	<size>
		<width>528</width>
		<height>527</height>
		<depth>3</depth>
	</size>
	<object>
		<name>helm</name>
		<pose>Unspecified</pose>
		<truncated>0</truncated>
		<difficult>0</difficult>
		<bndbox>
			<xmin>277</xmin>
			<ymin>34</ymin>
			<xmax>385</xmax>
			<ymax>143</ymax>
		</bndbox>
	</object>
</annotation>