<annotation>
	<folder>my-project-name</folder>
	<filename>BikesHelmets512.jpg</filename>
	<path>/my-project-name/BikesHelmets512.jpg</path>
	<source>
		<database>Unspecified</database>
	</source>
	<size>
		<width>300</width>
		<height>300</height>
		<depth>3</depth>
	</size>
	<object>
		<name>helm</name>
		<pose>Unspecified</pose>
		<truncated>0</truncated>
		<difficult>0</difficult>
		<bndbox>
			<xmin>120</xmin>
			<ymin>4</ymin>
			<xmax>177</xmax>
			<ymax>67</ymax>
		</bndbox>
	</object>
</annotation>