<annotation>
	<folder>my-project-name</folder>
	<filename>BikesHelmets352.jpg</filename>
	<path>/my-project-name/BikesHelmets352.jpg</path>
	<source>
		<database>Unspecified</database>
	</source>
	<size>
		<width>331</width>
		<height>330</height>
		<depth>3</depth>
	</size>
	<object>
		<name>helm</name>
		<pose>Unspecified</pose>
		<truncated>0</truncated>
		<difficult>0</difficult>
		<bndbox>
			<xmin>121</xmin>
			<ymin>0</ymin>
			<xmax>177</xmax>
			<ymax>64</ymax>
		</bndbox>
	</object>
</annotation>