<annotation>
	<folder>my-project-name</folder>
	<filename>BikesHelmets318.jpg</filename>
	<path>/my-project-name/BikesHelmets318.jpg</path>
	<source>
		<database>Unspecified</database>
	</source>
	<size>
		<width>236</width>
		<height>236</height>
		<depth>3</depth>
	</size>
	<object>
		<name>no_helm</name>
		<pose>Unspecified</pose>
		<truncated>0</truncated>
		<difficult>0</difficult>
		<bndbox>
			<xmin>70</xmin>
			<ymin>70</ymin>
			<xmax>94</xmax>
			<ymax>93</ymax>
		</bndbox>
	</object>
	<object>
		<name>no_helm</name>
		<pose>Unspecified</pose>
		<truncated>0</truncated>
		<difficult>0</difficult>
		<bndbox>
			<xmin>162</xmin>
			<ymin>72</ymin>
			<xmax>182</xmax>
			<ymax>94</ymax>
		</bndbox>
	</object>
</annotation>