<annotation>
	<folder>my-project-name</folder>
	<filename>BikesHelmets734.jpg</filename>
	<path>/my-project-name/BikesHelmets734.jpg</path>
	<source>
		<database>Unspecified</database>
	</source>
	<size>
		<width>259</width>
		<height>259</height>
		<depth>3</depth>
	</size>
	<object>
		<name>no_helm</name>
		<pose>Unspecified</pose>
		<truncated>0</truncated>
		<difficult>0</difficult>
		<bndbox>
			<xmin>94</xmin>
			<ymin>12</ymin>
			<xmax>126</xmax>
			<ymax>56</ymax>
		</bndbox>
	</object>
</annotation>